Price,Age_08_04,KM,HP,Automatic,cc,Doors,Cylinders,Gears,Weight,Fuel_Type_CNG,Fuel_Type_Diesel,Fuel_Type_Petrol
13500.0,23.0,46986.0,90.0,0.0,1900.0,3.0,4.0,5.0,1152.5,0,1,0
13750.0,23.0,72937.0,90.0,0.0,1900.0,3.0,4.0,5.0,1152.5,0,1,0
13950.0,24.0,41711.0,90.0,0.0,1900.0,3.0,4.0,5.0,1152.5,0,1,0
14950.0,26.0,48000.0,90.0,0.0,1900.0,3.0,4.0,5.0,1152.5,0,1,0
13750.0,30.0,38500.0,90.0,0.0,1900.0,3.0,4.0,5.0,1152.5,0,1,0
12950.0,32.0,61000.0,90.0,0.0,1900.0,3.0,4.0,5.0,1152.5,0,1,0
16900.0,27.0,94612.0,90.0,0.0,1900.0,3.0,4.0,5.0,1152.5,0,1,0
17200.0,30.0,75889.0,90.0,0.0,1900.0,3.0,4.0,5.0,1152.5,0,1,0
17200.0,27.0,19700.0,140.0,0.0,1800.0,3.0,4.0,5.0,1152.5,0,0,1
12950.0,23.0,71138.0,69.0,0.0,1900.0,3.0,4.0,5.0,1105.0,0,1,0
17200.0,25.0,31461.0,140.0,0.0,1800.0,3.0,4.0,5.0,1152.5,0,0,1
17200.0,22.0,43610.0,140.0,0.0,1800.0,3.0,4.0,5.0,1152.5,0,0,1
17200.0,25.0,32189.0,140.0,0.0,1800.0,3.0,4.0,5.0,1152.5,0,0,1
17200.0,31.0,23000.0,140.0,0.0,1800.0,3.0,4.0,5.0,1152.5,0,0,1
17200.0,32.0,34131.0,140.0,0.0,1800.0,3.0,4.0,5.0,1152.5,0,0,1
17200.0,28.0,18739.0,140.0,0.0,1800.0,3.0,4.0,5.0,1152.5,0,0,1
17200.0,30.0,34000.0,140.0,0.0,1800.0,3.0,4.0,5.0,1152.5,0,0,1
17200.0,24.0,21716.0,110.0,0.0,1600.0,3.0,4.0,5.0,1105.0,0,0,1
16750.0,24.0,25563.0,110.0,0.0,1600.0,3.0,4.0,5.0,1065.0,0,0,1
16950.0,30.0,64359.0,110.0,0.0,1600.0,3.0,4.0,5.0,1105.0,0,0,1
15950.0,30.0,67660.0,110.0,0.0,1600.0,3.0,4.0,5.0,1105.0,0,0,1
16950.0,29.0,43905.0,110.0,0.0,1600.0,3.0,4.0,5.0,1152.5,0,0,1
15950.0,28.0,56349.0,110.0,0.0,1600.0,3.0,4.0,5.0,1120.0,0,0,1
16950.0,28.0,32220.0,110.0,0.0,1600.0,3.0,4.0,5.0,1120.0,0,0,1
16250.0,29.0,25813.0,110.0,0.0,1600.0,3.0,4.0,5.0,1120.0,0,0,1
15950.0,25.0,28450.0,110.0,0.0,1600.0,3.0,4.0,5.0,1120.0,0,0,1
17200.0,27.0,34545.0,110.0,0.0,1600.0,3.0,4.0,5.0,1120.0,0,0,1
15750.0,29.0,41415.0,110.0,0.0,1600.0,3.0,4.0,5.0,1120.0,0,0,1
16950.0,28.0,44142.0,110.0,0.0,1600.0,3.0,4.0,5.0,1120.0,0,0,1
17200.0,30.0,11090.0,110.0,0.0,1600.0,3.0,4.0,5.0,1120.0,0,0,1
12950.0,29.0,9750.0,97.0,0.0,1400.0,3.0,4.0,5.0,1100.0,0,0,1
15750.0,22.0,35199.0,97.0,0.0,1400.0,3.0,4.0,5.0,1100.0,0,0,1
15950.0,27.0,29510.0,97.0,0.0,1400.0,3.0,4.0,5.0,1100.0,0,0,1
14950.0,26.0,32692.0,97.0,0.0,1400.0,3.0,4.0,5.0,1100.0,0,0,1
15500.0,22.0,41000.0,97.0,0.0,1400.0,3.0,4.0,5.0,1100.0,0,0,1
15750.0,26.0,43000.0,97.0,0.0,1400.0,3.0,4.0,5.0,1100.0,0,0,1
15950.0,25.0,25000.0,97.0,0.0,1400.0,3.0,4.0,5.0,1100.0,0,0,1
14950.0,23.0,10000.0,97.0,0.0,1400.0,3.0,4.0,5.0,1100.0,0,0,1
15750.0,32.0,25329.0,97.0,0.0,1400.0,3.0,4.0,5.0,1100.0,0,0,1
14750.0,27.0,27500.0,97.0,0.0,1400.0,3.0,4.0,5.0,1100.0,0,0,1
13950.0,22.0,49059.0,97.0,0.0,1400.0,3.0,4.0,5.0,1100.0,0,0,1
16750.0,27.0,44068.0,97.0,0.0,1400.0,3.0,4.0,5.0,1100.0,0,0,1
13950.0,22.0,46961.0,97.0,0.0,1400.0,3.0,4.0,5.0,1100.0,0,0,1
16950.0,27.0,110404.0,90.0,0.0,1900.0,5.0,4.0,5.0,1152.5,0,1,0
16950.0,22.0,100250.0,90.0,0.0,1900.0,5.0,4.0,5.0,1152.5,0,1,0
17200.0,23.0,84000.0,90.0,0.0,1900.0,5.0,4.0,5.0,1152.5,0,1,0
17200.0,27.0,79375.0,90.0,0.0,1900.0,5.0,4.0,5.0,1152.5,0,1,0
15800.0,22.0,75048.0,97.0,0.0,1400.0,5.0,4.0,5.0,1110.0,0,0,1
17200.0,22.0,72215.0,90.0,0.0,1900.0,5.0,4.0,5.0,1152.5,0,1,0
17200.0,31.0,64982.0,140.0,0.0,1800.0,5.0,4.0,5.0,1152.5,0,0,1
17200.0,22.0,62636.0,90.0,0.0,1900.0,5.0,4.0,5.0,1152.5,0,1,0
15750.0,30.0,57086.0,97.0,0.0,1400.0,5.0,4.0,5.0,1110.0,0,0,1
17200.0,26.0,56000.0,110.0,0.0,1600.0,5.0,4.0,5.0,1152.5,0,0,1
17200.0,27.0,49866.0,140.0,0.0,1800.0,5.0,4.0,5.0,1152.5,0,0,1
15500.0,25.0,49163.0,110.0,0.0,1600.0,5.0,4.0,5.0,1152.5,0,0,1
13250.0,32.0,45725.0,110.0,0.0,1600.0,5.0,4.0,5.0,1075.0,0,0,1
15250.0,28.0,43210.0,97.0,0.0,1400.0,5.0,4.0,5.0,1110.0,0,0,1
15250.0,26.0,43000.0,97.0,0.0,1400.0,5.0,4.0,5.0,1110.0,0,0,1
17200.0,23.0,39704.0,110.0,0.0,1600.0,5.0,4.0,5.0,1152.5,0,0,1
15999.0,30.0,38950.0,110.0,0.0,1600.0,5.0,4.0,5.0,1130.0,0,0,1
14950.0,22.0,37400.0,97.0,0.0,1400.0,5.0,4.0,5.0,1110.0,0,0,1
16500.0,27.0,37177.0,110.0,0.0,1600.0,5.0,4.0,5.0,1130.0,0,0,1
17200.0,31.0,36544.0,110.0,0.0,1600.0,5.0,4.0,5.0,1130.0,0,0,1
17200.0,30.0,33511.0,110.0,0.0,1600.0,5.0,4.0,5.0,1130.0,0,0,1
17200.0,27.0,32809.0,97.0,0.0,1400.0,5.0,4.0,5.0,1110.0,0,0,1
16950.0,26.0,32181.0,110.0,0.0,1600.0,5.0,4.0,5.0,1075.0,0,0,1
17200.0,28.0,30993.0,110.0,0.0,1600.0,5.0,4.0,5.0,1130.0,0,0,1
14950.0,22.0,30400.0,97.0,0.0,1400.0,5.0,4.0,5.0,1110.0,0,0,1
17200.0,22.0,30000.0,110.0,0.0,1900.0,5.0,4.0,5.0,1152.5,0,1,0
15950.0,25.0,29719.0,97.0,0.0,1400.0,5.0,4.0,5.0,1110.0,0,0,1
15950.0,28.0,29206.0,97.0,0.0,1400.0,5.0,4.0,5.0,1110.0,0,0,1
12995.0,32.0,29198.0,97.0,0.0,1400.0,5.0,4.0,5.0,1060.0,0,0,1
17200.0,28.0,28817.0,110.0,0.0,1598.0,5.0,4.0,5.0,1130.0,0,0,1
15750.0,23.0,28227.0,97.0,0.0,1400.0,5.0,4.0,5.0,1110.0,0,0,1
17200.0,28.0,28000.0,110.0,0.0,1600.0,5.0,4.0,5.0,1130.0,0,0,1
16950.0,23.0,28000.0,110.0,0.0,1600.0,5.0,4.0,5.0,1115.0,0,0,1
17200.0,31.0,25266.0,110.0,0.0,1600.0,5.0,4.0,5.0,1130.0,0,0,1
17200.0,27.0,23489.0,110.0,0.0,1600.0,5.0,4.0,5.0,1115.0,0,0,1
16895.0,29.0,22575.0,110.0,0.0,1600.0,5.0,4.0,5.0,1115.0,0,0,1
14900.0,30.0,22000.0,97.0,0.0,1400.0,5.0,4.0,5.0,1110.0,0,0,1
17200.0,25.0,20019.0,110.0,0.0,1900.0,5.0,4.0,5.0,1152.5,0,0,1
17200.0,29.0,20000.0,110.0,0.0,1600.0,5.0,4.0,5.0,1115.0,0,0,1
15450.0,25.0,17003.0,97.0,0.0,1400.0,5.0,4.0,5.0,1110.0,0,0,1
17200.0,31.0,16238.0,110.0,0.0,1600.0,5.0,4.0,5.0,1152.5,0,0,1
16650.0,25.0,15414.0,97.0,0.0,1400.0,5.0,4.0,5.0,1110.0,0,0,1
17200.0,28.0,8537.0,110.0,0.0,1600.0,5.0,4.0,5.0,1130.0,0,0,1
14900.0,30.0,7000.0,97.0,0.0,1400.0,5.0,4.0,5.0,1100.0,0,0,1
17200.0,20.0,66966.0,90.0,0.0,1900.0,3.0,4.0,5.0,1152.5,0,1,0
15950.0,19.0,51884.0,97.0,0.0,1400.0,3.0,4.0,5.0,1100.0,0,0,1
17200.0,19.0,50005.0,110.0,0.0,1900.0,3.0,4.0,5.0,1152.5,0,1,0
16450.0,20.0,48110.0,97.0,0.0,1400.0,3.0,4.0,5.0,1100.0,0,0,1
17200.0,20.0,37500.0,90.0,0.0,1900.0,3.0,4.0,5.0,1152.5,0,1,0
17200.0,16.0,34472.0,90.0,0.0,1900.0,3.0,4.0,5.0,1152.5,0,1,0
15950.0,20.0,33329.0,97.0,0.0,1400.0,3.0,4.0,5.0,1100.0,0,0,1
17200.0,20.0,31850.0,110.0,0.0,1600.0,3.0,4.0,5.0,1120.0,0,0,1
17200.0,17.0,30351.0,90.0,0.0,1900.0,3.0,4.0,5.0,1152.5,0,1,0
15950.0,19.0,29435.0,97.0,0.0,1400.0,3.0,4.0,5.0,1100.0,0,0,1
15950.0,19.0,25948.0,97.0,0.0,1400.0,3.0,4.0,5.0,1100.0,0,0,1
17200.0,11.0,24500.0,110.0,0.0,1600.0,3.0,4.0,5.0,1120.0,0,0,1
17200.0,18.0,23902.0,97.0,0.0,1400.0,3.0,4.0,5.0,1100.0,0,0,1
17200.0,20.0,23175.0,110.0,0.0,1600.0,3.0,4.0,5.0,1120.0,0,0,1
16250.0,19.0,19200.0,97.0,0.0,1400.0,3.0,4.0,5.0,1100.0,0,0,1
17200.0,13.0,18000.0,71.0,0.0,1400.0,3.0,4.0,5.0,1125.0,0,0,1
17200.0,11.0,16123.0,110.0,0.0,1600.0,3.0,4.0,5.0,1105.0,0,0,1
17200.0,11.0,14635.0,110.0,0.0,1600.0,3.0,4.0,5.0,1152.5,0,0,1
16950.0,19.0,13748.0,97.0,0.0,1400.0,3.0,4.0,5.0,1100.0,0,0,1
17200.0,14.0,11500.0,110.0,0.0,1600.0,3.0,4.0,5.0,1045.0,0,0,1
17200.0,17.0,10000.0,97.0,0.0,1400.0,3.0,4.0,5.0,1100.0,0,0,1
17200.0,20.0,7187.0,110.0,0.0,1600.0,3.0,4.0,5.0,1105.0,0,0,1
17200.0,5.0,1.0,116.0,0.0,1900.0,5.0,4.0,5.0,1152.5,0,1,0
17200.0,5.0,4000.0,116.0,0.0,1900.0,5.0,4.0,5.0,1152.5,0,1,0
17200.0,5.0,1500.0,116.0,0.0,1900.0,5.0,4.0,5.0,1152.5,0,1,0
17200.0,8.0,13253.0,116.0,0.0,1900.0,5.0,4.0,5.0,1152.5,0,1,0
17200.0,8.0,13253.0,116.0,0.0,1900.0,5.0,4.0,5.0,1152.5,0,1,0
17200.0,7.0,10000.0,116.0,0.0,1900.0,5.0,4.0,5.0,1152.5,0,1,0
17200.0,8.0,6000.0,90.0,0.0,1900.0,5.0,4.0,5.0,1152.5,0,1,0
17200.0,8.0,10841.0,90.0,0.0,1900.0,5.0,4.0,5.0,1152.5,0,1,0
17200.0,7.0,1.0,110.0,0.0,1600.0,3.0,4.0,5.0,1105.0,0,0,1
17200.0,20.0,63000.0,90.0,0.0,1900.0,5.0,4.0,5.0,1152.5,0,1,0
17200.0,17.0,57313.0,110.0,0.0,1900.0,5.0,4.0,5.0,1152.5,0,1,0
17200.0,13.0,57037.0,110.0,0.0,1600.0,5.0,4.0,5.0,1115.0,0,0,1
17200.0,19.0,51099.0,90.0,0.0,1900.0,5.0,4.0,5.0,1152.5,0,1,0
16350.0,14.0,40010.0,110.0,0.0,1600.0,5.0,4.0,5.0,1115.0,0,0,1
17200.0,20.0,39115.0,110.0,0.0,1600.0,5.0,4.0,5.0,1130.0,0,0,1
16950.0,17.0,36012.0,110.0,0.0,1600.0,5.0,4.0,5.0,1130.0,0,0,1
17200.0,16.0,36000.0,110.0,0.0,1600.0,5.0,4.0,5.0,1130.0,0,0,1
15950.0,20.0,36000.0,110.0,0.0,1600.0,5.0,4.0,5.0,1075.0,0,0,1
16500.0,20.0,35000.0,97.0,0.0,1400.0,5.0,4.0,5.0,1110.0,0,0,1
17200.0,17.0,33740.0,97.0,0.0,1400.0,5.0,4.0,5.0,1135.0,0,0,1
15850.0,13.0,33477.0,110.0,0.0,1600.0,5.0,4.0,5.0,1075.0,0,0,1
16250.0,20.0,32627.0,97.0,0.0,1400.0,5.0,4.0,5.0,1110.0,0,0,1
15950.0,20.0,29797.0,97.0,0.0,1400.0,5.0,4.0,5.0,1110.0,0,0,1
16250.0,19.0,29441.0,97.0,0.0,1400.0,5.0,4.0,5.0,1110.0,0,0,1
15950.0,13.0,29371.0,110.0,0.0,1600.0,4.0,4.0,5.0,1105.0,0,0,1
16500.0,20.0,29000.0,97.0,0.0,1400.0,5.0,4.0,5.0,1110.0,0,0,1
16500.0,19.0,27821.0,97.0,0.0,1400.0,5.0,4.0,5.0,1110.0,0,0,1
17200.0,19.0,27371.0,97.0,0.0,1400.0,5.0,4.0,5.0,1135.0,0,0,1
16250.0,13.0,25170.0,110.0,0.0,1600.0,5.0,4.0,5.0,1105.0,0,0,1
17200.0,11.0,25000.0,116.0,0.0,1900.0,5.0,4.0,5.0,1152.5,0,1,0
17200.0,20.0,23000.0,110.0,0.0,1600.0,5.0,4.0,5.0,1130.0,0,0,1
16450.0,20.0,22588.0,97.0,0.0,1400.0,5.0,4.0,5.0,1110.0,0,0,1
17200.0,19.0,21684.0,140.0,0.0,1800.0,5.0,4.0,5.0,1152.5,0,0,1
17200.0,13.0,21428.0,110.0,0.0,1600.0,5.0,4.0,5.0,1130.0,0,0,1
17200.0,16.0,20629.0,110.0,0.0,1600.0,4.0,4.0,5.0,1090.0,0,0,1
17200.0,15.0,20270.0,110.0,0.0,1600.0,5.0,4.0,5.0,1130.0,0,0,1
16450.0,16.0,20105.0,97.0,0.0,1400.0,5.0,4.0,5.0,1110.0,0,0,1
17200.0,20.0,20000.0,110.0,0.0,1600.0,5.0,4.0,5.0,1152.5,0,0,1
17200.0,13.0,19988.0,110.0,0.0,1600.0,5.0,4.0,5.0,1130.0,0,0,1
17200.0,19.0,18328.0,110.0,0.0,1600.0,5.0,4.0,5.0,1130.0,0,0,1
17200.0,14.0,17896.0,110.0,0.0,1600.0,4.0,4.0,5.0,1150.0,0,0,1
17200.0,20.0,17300.0,97.0,0.0,1400.0,5.0,4.0,5.0,1110.0,0,0,1
17200.0,19.0,17038.0,110.0,0.0,1600.0,5.0,4.0,5.0,1130.0,0,0,1
17200.0,10.0,13747.0,97.0,0.0,1400.0,5.0,4.0,5.0,1110.0,0,0,1
17200.0,12.0,13634.0,110.0,0.0,1600.0,5.0,4.0,5.0,1115.0,0,0,1
17200.0,13.0,13178.0,110.0,0.0,1600.0,5.0,4.0,5.0,1130.0,0,0,1
16868.0,15.0,13157.0,97.0,0.0,1400.0,4.0,4.0,5.0,1085.0,0,0,1
17200.0,16.0,13000.0,110.0,0.0,1600.0,4.0,4.0,5.0,1105.0,0,0,1
17200.0,11.0,12500.0,110.0,0.0,1600.0,5.0,4.0,5.0,1115.0,0,0,1
17200.0,17.0,11999.0,110.0,0.0,1600.0,5.0,4.0,5.0,1130.0,0,0,1
17200.0,16.0,11754.0,110.0,0.0,1600.0,5.0,4.0,5.0,1152.5,0,0,1
17200.0,16.0,11000.0,110.0,0.0,1600.0,4.0,4.0,5.0,1105.0,0,0,1
17200.0,17.0,10000.0,110.0,0.0,1598.0,5.0,4.0,5.0,1105.0,0,0,1
17200.0,9.0,7650.0,110.0,0.0,1600.0,5.0,4.0,5.0,1115.0,0,0,1
17200.0,14.0,6500.0,110.0,0.0,1600.0,4.0,4.0,5.0,1100.0,0,0,1
17200.0,11.0,6155.0,97.0,0.0,1400.0,5.0,4.0,5.0,1110.0,0,0,1
17200.0,14.0,6000.0,110.0,0.0,1600.0,5.0,4.0,5.0,1130.0,0,0,1
17200.0,14.0,5459.0,110.0,0.0,1600.0,5.0,4.0,5.0,1130.0,0,0,1
17200.0,14.0,5278.0,110.0,0.0,1600.0,4.0,4.0,5.0,1150.0,0,0,1
17200.0,12.0,5000.0,110.0,0.0,1600.0,5.0,4.0,5.0,1130.0,0,0,1
17200.0,9.0,1.0,98.0,0.0,1400.0,4.0,4.0,5.0,1065.0,0,0,1
17200.0,9.0,1.0,110.0,0.0,1600.0,5.0,4.0,5.0,1075.0,0,0,1
17200.0,8.0,11000.0,110.0,0.0,1600.0,5.0,4.0,5.0,1130.0,0,0,1
17200.0,8.0,10077.0,97.0,0.0,1400.0,5.0,4.0,5.0,1110.0,0,0,1
17200.0,8.0,10000.0,97.0,0.0,1400.0,5.0,4.0,5.0,1110.0,0,0,1
17200.0,8.0,9788.0,110.0,0.0,1600.0,5.0,4.0,5.0,1130.0,0,0,1
17200.0,8.0,8574.0,110.0,0.0,1600.0,5.0,4.0,5.0,1130.0,0,0,1
17200.0,8.0,7000.0,110.0,0.0,1600.0,5.0,4.0,5.0,1115.0,0,0,1
17200.0,7.0,6250.0,110.0,0.0,1600.0,5.0,4.0,5.0,1115.0,0,0,1
17200.0,8.0,5000.0,110.0,0.0,1600.0,5.0,4.0,5.0,1130.0,0,0,1
17200.0,6.0,3000.0,110.0,0.0,1600.0,5.0,4.0,5.0,1130.0,0,0,1
17200.0,7.0,2000.0,110.0,0.0,1600.0,5.0,4.0,5.0,1075.0,0,0,1
17200.0,7.0,450.0,97.0,0.0,1400.0,5.0,4.0,5.0,1110.0,0,0,1
17200.0,5.0,225.0,97.0,0.0,1400.0,5.0,4.0,5.0,1110.0,0,0,1
17200.0,5.0,15.0,110.0,0.0,1600.0,5.0,4.0,5.0,1130.0,0,0,1
17200.0,5.0,1.0,98.0,0.0,1400.0,4.0,4.0,5.0,1100.0,0,0,1
17200.0,5.0,1.0,110.0,0.0,1600.0,5.0,4.0,5.0,1075.0,0,0,1
6950.0,43.0,153051.875,69.0,0.0,1900.0,3.0,4.0,5.0,1110.0,0,1,0
9500.0,38.0,153051.875,90.0,0.0,1900.0,4.0,4.0,5.0,1152.5,0,1,0
11950.0,40.0,153051.875,90.0,0.0,1900.0,5.0,4.0,5.0,1152.5,0,1,0
7750.0,43.0,153051.875,110.0,0.0,1600.0,3.0,4.0,5.0,1084.0,1,0,0
11950.0,40.0,153051.875,69.0,0.0,1900.0,3.0,4.0,5.0,1105.0,0,1,0
4350.0,44.0,153051.875,69.0,0.0,1800.0,5.0,4.0,5.0,1110.0,0,1,0
4750.0,44.0,131273.0,69.0,0.0,1800.0,5.0,4.0,5.0,1110.0,0,1,0
11750.0,40.0,130062.0,69.0,0.0,1900.0,5.0,4.0,5.0,1140.0,0,1,0
13250.0,41.0,123425.0,69.0,0.0,1900.0,5.0,4.0,5.0,1140.0,0,1,0
11950.0,37.0,118217.0,110.0,0.0,1600.0,5.0,4.0,5.0,1075.0,0,0,1
11900.0,44.0,110000.0,69.0,0.0,1900.0,5.0,4.0,5.0,1095.0,0,1,0
14750.0,39.0,108847.0,90.0,0.0,1900.0,5.0,4.0,5.0,1152.5,0,1,0
9950.0,42.0,105699.0,97.0,0.0,1400.0,3.0,4.0,5.0,1025.0,0,0,1
11950.0,39.0,98823.0,110.0,0.0,1600.0,5.0,4.0,5.0,1119.0,1,0,0
11495.0,44.0,96829.0,110.0,0.0,1600.0,5.0,4.0,5.0,1075.0,0,0,1
11250.0,40.0,96518.0,97.0,0.0,1400.0,3.0,4.0,5.0,1025.0,0,0,1
10500.0,42.0,92204.0,110.0,0.0,1600.0,5.0,4.0,5.0,1075.0,0,0,1
10450.0,35.0,91456.0,69.0,0.0,1900.0,3.0,4.0,5.0,1110.0,0,1,0
12950.0,43.0,89968.0,69.0,0.0,1900.0,5.0,4.0,5.0,1140.0,0,1,0
11500.0,44.0,89757.0,110.0,0.0,1600.0,3.0,4.0,5.0,1045.0,0,0,1
12500.0,40.0,85389.0,110.0,0.0,1600.0,5.0,4.0,5.0,1075.0,0,0,1
10950.0,43.0,85017.0,97.0,0.0,1400.0,5.0,4.0,5.0,1060.0,0,0,1
11450.0,41.0,84312.0,110.0,0.0,1600.0,5.0,4.0,5.0,1080.0,0,0,1
11950.0,37.0,82743.0,110.0,0.0,1600.0,5.0,4.0,5.0,1121.0,1,0,0
13250.0,41.0,81106.0,69.0,0.0,1900.0,5.0,4.0,5.0,1140.0,0,1,0
14750.0,40.0,80425.0,90.0,0.0,1900.0,5.0,4.0,5.0,1152.5,0,1,0
11790.0,34.0,78677.0,110.0,0.0,1600.0,5.0,4.0,5.0,1105.0,0,0,1
11450.0,40.0,78425.0,110.0,0.0,1600.0,5.0,4.0,5.0,1075.0,0,0,1
13500.0,33.0,78108.0,90.0,0.0,1900.0,3.0,4.0,5.0,1152.5,0,1,0
10950.0,33.0,77321.0,110.0,0.0,1600.0,5.0,4.0,5.0,1075.0,0,0,1
13500.0,33.0,75699.0,69.0,0.0,1900.0,3.0,4.0,5.0,1105.0,0,1,0
10950.0,41.0,75697.0,97.0,0.0,1400.0,3.0,4.0,5.0,1025.0,0,0,1
10950.0,44.0,74846.0,97.0,0.0,1400.0,3.0,4.0,5.0,1025.0,0,0,1
12950.0,38.0,74319.0,110.0,0.0,1600.0,5.0,4.0,5.0,1075.0,0,0,1
11950.0,43.0,74285.0,110.0,0.0,1600.0,5.0,4.0,5.0,1075.0,0,0,1
12450.0,44.0,74172.0,110.0,0.0,1600.0,5.0,4.0,5.0,1152.5,0,0,1
11950.0,40.0,73042.0,110.0,0.0,1598.0,5.0,4.0,5.0,1075.0,0,0,1
14950.0,44.0,71793.0,110.0,0.0,1600.0,4.0,4.0,5.0,1067.0,1,0,0
12450.0,35.0,71200.0,110.0,0.0,1600.0,5.0,4.0,5.0,1075.0,0,0,1
12950.0,38.0,67805.0,110.0,0.0,1600.0,5.0,4.0,5.0,1075.0,0,0,1
11950.0,35.0,65988.0,110.0,0.0,1600.0,3.0,4.0,5.0,1040.0,0,0,1
11690.0,34.0,65345.0,97.0,0.0,1400.0,5.0,4.0,5.0,1060.0,0,0,1
12450.0,42.0,64564.0,110.0,0.0,1600.0,5.0,4.0,5.0,1080.0,0,0,1
12750.0,36.0,63459.0,97.0,0.0,1400.0,5.0,4.0,5.0,1060.0,0,0,1
11925.0,44.0,63451.0,97.0,0.0,1400.0,3.0,4.0,5.0,1025.0,0,0,1
12950.0,33.0,62000.0,110.0,0.0,1600.0,5.0,4.0,5.0,1075.0,0,0,1
11950.0,42.0,61300.0,97.0,0.0,1400.0,3.0,4.0,5.0,1030.0,0,0,1
12900.0,41.0,61200.0,110.0,0.0,1600.0,3.0,4.0,5.0,1045.0,0,0,1
11900.0,41.0,61000.0,110.0,0.0,1600.0,5.0,4.0,5.0,1075.0,0,0,1
11650.0,38.0,60829.0,110.0,0.0,1600.0,5.0,4.0,5.0,1075.0,0,0,1
10950.0,44.0,60500.0,110.0,0.0,1600.0,5.0,4.0,5.0,1075.0,0,0,1
13950.0,35.0,59500.0,69.0,0.0,1900.0,3.0,4.0,5.0,1110.0,0,1,0
13950.0,44.0,59000.0,110.0,0.0,1600.0,5.0,4.0,5.0,1110.0,0,0,1
11950.0,40.0,58954.0,110.0,0.0,1600.0,5.0,4.0,5.0,1080.0,0,0,1
10950.0,38.0,58798.0,110.0,0.0,1600.0,5.0,4.0,5.0,1075.0,0,0,1
12450.0,38.0,58363.0,110.0,0.0,1600.0,3.0,4.0,5.0,1055.0,0,0,1
11950.0,43.0,58277.0,110.0,0.0,1600.0,3.0,4.0,5.0,1045.0,0,0,1
13500.0,33.0,57711.0,90.0,0.0,1900.0,3.0,4.0,5.0,1152.5,0,1,0
11690.0,33.0,57269.0,110.0,0.0,1600.0,5.0,4.0,5.0,1075.0,0,0,1
13500.0,39.0,56001.0,110.0,0.0,1600.0,5.0,4.0,5.0,1075.0,0,0,1
11950.0,42.0,55968.0,110.0,0.0,1600.0,3.0,4.0,5.0,1050.0,0,0,1
12900.0,39.0,55678.0,110.0,0.0,1600.0,4.0,4.0,5.0,1030.0,0,0,1
13500.0,43.0,55539.0,110.0,0.0,1600.0,5.0,4.0,5.0,1085.0,0,0,1
11750.0,42.0,55400.0,110.0,0.0,1600.0,5.0,4.0,5.0,1075.0,0,0,1
11750.0,33.0,55350.0,110.0,0.0,1600.0,5.0,4.0,5.0,1075.0,0,0,1
10850.0,43.0,54600.0,110.0,0.0,1600.0,4.0,4.0,5.0,1030.0,0,0,1
11750.0,43.0,53773.0,110.0,0.0,1600.0,5.0,4.0,5.0,1075.0,0,0,1
14950.0,42.0,53719.0,110.0,0.0,1600.0,5.0,4.0,5.0,1105.0,0,0,1
9940.0,39.0,53644.0,110.0,0.0,1600.0,5.0,4.0,5.0,1075.0,0,0,1
12900.0,42.0,53350.0,110.0,0.0,1600.0,5.0,4.0,5.0,1075.0,0,0,1
13500.0,38.0,53000.0,110.0,0.0,1600.0,5.0,4.0,5.0,1075.0,0,0,1
11750.0,44.0,52084.0,97.0,0.0,1400.0,3.0,4.0,5.0,1025.0,0,0,1
11950.0,44.0,52000.0,97.0,0.0,1400.0,3.0,4.0,5.0,1025.0,0,0,1
13450.0,33.0,51945.0,110.0,0.0,1600.0,5.0,4.0,5.0,1075.0,0,0,1
11950.0,41.0,51732.0,97.0,0.0,1400.0,3.0,4.0,5.0,1025.0,0,0,1
12495.0,39.0,50873.0,110.0,0.0,1600.0,5.0,4.0,5.0,1075.0,0,0,1
13500.0,41.0,50856.0,110.0,0.0,1600.0,4.0,4.0,5.0,1030.0,0,0,1
12750.0,40.0,50640.0,110.0,0.0,1600.0,5.0,4.0,5.0,1075.0,0,0,1
12000.0,39.0,50000.0,97.0,0.0,1400.0,5.0,4.0,5.0,1060.0,0,0,1
11950.0,38.0,49500.0,110.0,0.0,1600.0,5.0,4.0,5.0,1075.0,0,0,1
12495.0,44.0,49332.0,110.0,0.0,1600.0,5.0,4.0,5.0,1080.0,0,0,1
12450.0,34.0,49291.0,110.0,0.0,1600.0,3.0,4.0,5.0,1040.0,0,0,1
14750.0,40.0,48952.0,90.0,0.0,1900.0,5.0,4.0,5.0,1152.5,0,1,0
10950.0,39.0,48945.0,110.0,0.0,1600.0,3.0,4.0,5.0,1040.0,0,0,1
13500.0,33.0,48928.0,69.0,0.0,1900.0,3.0,4.0,5.0,1105.0,0,1,0
12950.0,38.0,48197.0,110.0,0.0,1600.0,5.0,4.0,5.0,1075.0,0,0,1
13500.0,35.0,48052.0,69.0,0.0,1900.0,3.0,4.0,5.0,1105.0,0,1,0
13450.0,34.0,48011.0,110.0,0.0,1600.0,4.0,4.0,5.0,1030.0,0,0,1
13500.0,43.0,48000.0,110.0,0.0,1600.0,5.0,4.0,5.0,1075.0,0,0,1
11480.0,41.0,47350.0,110.0,0.0,1600.0,5.0,4.0,5.0,1075.0,0,0,1
13450.0,39.0,46821.0,97.0,0.0,1400.0,5.0,4.0,5.0,1060.0,0,0,1
11495.0,39.0,46694.0,110.0,0.0,1600.0,3.0,4.0,5.0,1040.0,0,0,1
12750.0,43.0,46515.0,97.0,0.0,1400.0,5.0,4.0,5.0,1025.0,0,0,1
14990.0,38.0,46327.0,110.0,0.0,1600.0,3.0,4.0,5.0,1055.0,0,0,1
12950.0,35.0,46304.0,97.0,0.0,1400.0,5.0,4.0,5.0,1060.0,0,0,1
12950.0,40.0,45886.0,110.0,0.0,1600.0,5.0,4.0,5.0,1080.0,0,0,1
12850.0,39.0,45713.0,97.0,0.0,1400.0,5.0,4.0,5.0,1085.0,0,0,1
13950.0,40.0,45600.0,110.0,0.0,1600.0,5.0,4.0,5.0,1105.0,0,0,1
11950.0,41.0,45287.0,110.0,0.0,1600.0,5.0,4.0,5.0,1075.0,0,0,1
12950.0,39.0,45081.0,110.0,0.0,1600.0,5.0,4.0,5.0,1075.0,0,0,1
11700.0,40.0,44830.0,110.0,0.0,1600.0,5.0,4.0,5.0,1075.0,0,0,1
9950.0,37.0,44757.0,97.0,0.0,1400.0,3.0,4.0,5.0,1025.0,0,0,1
11895.0,44.0,44218.0,97.0,0.0,1400.0,5.0,4.0,5.0,1060.0,0,0,1
12950.0,43.0,43632.0,110.0,0.0,1600.0,5.0,4.0,5.0,1075.0,0,0,1
12500.0,36.0,43427.0,110.0,0.0,1600.0,3.0,4.0,5.0,1040.0,0,0,1
13875.0,39.0,43254.0,110.0,0.0,1600.0,5.0,4.0,5.0,1075.0,0,0,1
10500.0,35.0,43000.0,110.0,0.0,1600.0,3.0,4.0,5.0,1050.0,0,0,1
12295.0,33.0,42823.0,110.0,0.0,1600.0,5.0,4.0,5.0,1075.0,0,0,1
13950.0,42.0,42560.0,110.0,0.0,1600.0,5.0,4.0,5.0,1080.0,0,0,1
10950.0,38.0,41754.0,110.0,0.0,1600.0,3.0,4.0,5.0,1040.0,0,0,1
12950.0,44.0,41499.0,110.0,0.0,1600.0,5.0,4.0,5.0,1103.0,1,0,0
12850.0,40.0,41339.0,110.0,0.0,1600.0,5.0,4.0,5.0,1080.0,0,0,1
13995.0,35.0,41000.0,110.0,0.0,1600.0,5.0,4.0,5.0,1075.0,0,0,1
13750.0,39.0,40000.0,110.0,0.0,1600.0,3.0,4.0,5.0,1055.0,0,0,1
12750.0,37.0,39757.0,110.0,0.0,1600.0,5.0,4.0,5.0,1075.0,0,0,1
12500.0,41.0,39659.0,110.0,0.0,1600.0,3.0,4.0,5.0,1045.0,0,0,1
13950.0,43.0,39650.0,110.0,0.0,1600.0,3.0,4.0,5.0,1055.0,0,0,1
11500.0,39.0,39524.0,97.0,0.0,1398.0,3.0,4.0,5.0,1025.0,0,0,1
13950.0,44.0,39516.0,97.0,0.0,1400.0,5.0,4.0,5.0,1060.0,0,0,1
11895.0,41.0,39439.0,97.0,0.0,1400.0,5.0,4.0,5.0,1060.0,0,0,1
9950.0,44.0,39000.0,97.0,0.0,1400.0,3.0,4.0,5.0,1025.0,0,0,1
13500.0,42.0,38932.0,110.0,0.0,1600.0,3.0,4.0,5.0,1040.0,0,0,1
11450.0,37.0,38812.0,97.0,0.0,1400.0,3.0,4.0,5.0,1025.0,0,0,1
12450.0,42.0,38665.0,110.0,0.0,1600.0,5.0,4.0,5.0,1075.0,0,0,1
12950.0,40.0,38653.0,110.0,0.0,1600.0,5.0,4.0,5.0,1080.0,0,0,1
13995.0,44.0,38461.0,110.0,0.0,1600.0,5.0,4.0,5.0,1080.0,0,0,1
11750.0,42.0,38078.0,97.0,0.0,1400.0,3.0,4.0,5.0,1025.0,0,0,1
11650.0,39.0,37782.0,97.0,0.0,1400.0,5.0,4.0,5.0,1060.0,0,0,1
9950.0,43.0,37576.0,97.0,0.0,1400.0,3.0,4.0,5.0,1030.0,0,0,1
13950.0,41.0,37533.0,110.0,0.0,1600.0,5.0,4.0,5.0,1075.0,0,0,1
12950.0,44.0,37389.0,110.0,0.0,1600.0,5.0,4.0,5.0,1080.0,0,0,1
10950.0,38.0,37320.0,97.0,0.0,1400.0,3.0,4.0,5.0,1025.0,0,0,1
9900.0,42.0,37000.0,97.0,0.0,1400.0,3.0,4.0,5.0,1025.0,0,0,1
11950.0,44.0,37000.0,110.0,0.0,1600.0,4.0,4.0,5.0,1075.0,0,0,1
11990.0,40.0,36566.0,110.0,0.0,1600.0,5.0,4.0,5.0,1090.0,0,0,1
10750.0,36.0,36269.0,110.0,0.0,1600.0,5.0,4.0,5.0,1075.0,0,0,1
13950.0,37.0,36074.0,110.0,0.0,1600.0,5.0,4.0,5.0,1075.0,0,0,1
11250.0,44.0,36066.0,110.0,0.0,1600.0,3.0,4.0,5.0,1040.0,0,0,1
12950.0,39.0,34599.0,110.0,0.0,1600.0,5.0,4.0,5.0,1075.0,0,0,1
11950.0,41.0,34000.0,110.0,0.0,1600.0,5.0,4.0,5.0,1075.0,0,0,1
10950.0,42.0,33623.0,97.0,0.0,1400.0,3.0,4.0,5.0,1025.0,0,0,1
12950.0,33.0,33591.0,110.0,0.0,1600.0,5.0,4.0,5.0,1075.0,0,0,1
12950.0,35.0,33258.0,110.0,0.0,1600.0,5.0,4.0,5.0,1075.0,0,0,1
11695.0,43.0,33113.0,110.0,0.0,1600.0,5.0,4.0,5.0,1075.0,0,0,1
11000.0,41.0,33000.0,110.0,0.0,1600.0,5.0,4.0,5.0,1075.0,0,0,1
13950.0,35.0,32941.0,110.0,0.0,1600.0,5.0,4.0,5.0,1080.0,0,0,1
11950.0,38.0,32781.0,110.0,0.0,1600.0,5.0,4.0,5.0,1075.0,0,0,1
11750.0,40.0,32532.0,110.0,0.0,1600.0,3.0,4.0,5.0,1040.0,0,0,1
12400.0,34.0,32431.0,97.0,0.0,1400.0,5.0,4.0,5.0,1060.0,0,0,1
12500.0,35.0,32000.0,110.0,0.0,1600.0,3.0,4.0,5.0,1040.0,0,0,1
12900.0,33.0,31000.0,110.0,0.0,1600.0,5.0,4.0,5.0,1075.0,0,0,1
12200.0,41.0,30989.0,110.0,0.0,1600.0,3.0,4.0,5.0,1045.0,0,0,1
12750.0,43.0,30742.0,110.0,0.0,1600.0,3.0,4.0,5.0,1040.0,0,0,1
11950.0,42.0,30190.0,110.0,0.0,1600.0,5.0,4.0,5.0,1075.0,0,0,1
11900.0,41.0,29716.0,116.0,0.0,1600.0,5.0,4.0,5.0,1075.0,0,0,1
11950.0,44.0,29716.0,110.0,0.0,1600.0,3.0,4.0,5.0,1070.0,0,0,1
14950.0,42.0,29640.0,110.0,0.0,1600.0,3.0,4.0,5.0,1055.0,0,0,1
11950.0,41.0,29056.0,97.0,0.0,1400.0,5.0,4.0,5.0,1060.0,0,0,1
12950.0,33.0,28715.0,110.0,0.0,1600.0,5.0,4.0,5.0,1075.0,0,0,1
14950.0,41.0,28571.0,110.0,0.0,1600.0,5.0,4.0,5.0,1090.0,0,0,1
13450.0,40.0,28362.0,110.0,0.0,1600.0,3.0,4.0,5.0,1040.0,0,0,1
13750.0,38.0,28150.0,110.0,0.0,1600.0,5.0,4.0,5.0,1075.0,0,0,1
12950.0,43.0,27301.0,110.0,0.0,1600.0,3.0,4.0,5.0,1040.0,0,0,1
12750.0,33.0,27240.0,110.0,0.0,1600.0,5.0,4.0,5.0,1075.0,0,0,1
11895.0,39.0,27170.0,97.0,0.0,1400.0,5.0,4.0,5.0,1060.0,0,0,1
9950.0,42.0,27141.0,97.0,0.0,1400.0,5.0,4.0,5.0,1060.0,0,0,1
12450.0,38.0,26262.0,110.0,0.0,1600.0,5.0,4.0,5.0,1075.0,0,0,1
12500.0,38.0,26000.0,97.0,0.0,1400.0,5.0,4.0,5.0,1060.0,0,0,1
14950.0,43.0,25228.0,110.0,0.0,1600.0,3.0,4.0,5.0,1045.0,0,0,1
13750.0,39.0,25062.0,110.0,0.0,1600.0,5.0,4.0,5.0,1080.0,0,0,1
12695.0,39.0,24723.0,110.0,0.0,1600.0,4.0,4.0,5.0,1060.0,0,0,1
14990.0,33.0,24650.0,110.0,0.0,1600.0,3.0,4.0,5.0,1055.0,0,0,1
12750.0,43.0,24553.0,110.0,0.0,1600.0,5.0,4.0,5.0,1080.0,0,0,1
14350.0,41.0,24475.0,110.0,0.0,1600.0,5.0,4.0,5.0,1030.0,0,0,1
12950.0,39.0,24444.0,110.0,0.0,1600.0,3.0,4.0,5.0,1040.0,0,0,1
11500.0,35.0,24011.0,97.0,0.0,1400.0,3.0,4.0,5.0,1025.0,0,0,1
11950.0,41.0,24000.0,97.0,0.0,1400.0,3.0,4.0,5.0,1025.0,0,0,1
13450.0,40.0,23616.0,110.0,0.0,1600.0,5.0,4.0,5.0,1075.0,0,0,1
12900.0,38.0,22865.0,110.0,0.0,1600.0,5.0,4.0,5.0,1075.0,0,0,1
10500.0,41.0,22780.0,86.0,0.0,1300.0,5.0,4.0,5.0,1035.0,0,0,1
10950.0,35.0,21904.0,97.0,0.0,1400.0,3.0,4.0,5.0,1025.0,0,0,1
11950.0,41.0,21651.0,97.0,0.0,1400.0,3.0,4.0,5.0,1025.0,0,0,1
11450.0,37.0,21500.0,110.0,0.0,1600.0,5.0,4.0,5.0,1030.0,0,0,1
13250.0,44.0,21027.0,110.0,0.0,1600.0,5.0,4.0,5.0,1080.0,0,0,1
10250.0,39.0,18500.0,110.0,0.0,1600.0,4.0,4.0,5.0,1030.0,0,0,1
13995.0,35.0,18000.0,110.0,0.0,1600.0,5.0,4.0,5.0,1075.0,0,0,1
11950.0,40.0,17051.0,97.0,0.0,1400.0,5.0,4.0,5.0,1060.0,0,0,1
13250.0,33.0,16512.0,97.0,0.0,1400.0,5.0,4.0,5.0,1085.0,0,0,1
12950.0,40.0,16325.0,110.0,0.0,1600.0,5.0,4.0,5.0,1080.0,0,0,1
11750.0,38.0,16000.0,97.0,0.0,1400.0,5.0,4.0,5.0,1060.0,0,0,1
11500.0,39.0,12000.0,110.0,0.0,1600.0,5.0,4.0,5.0,1075.0,0,0,1
13500.0,43.0,10000.0,97.0,0.0,1400.0,5.0,4.0,5.0,1060.0,0,0,1
6500.0,53.0,153051.875,69.0,0.0,1900.0,3.0,4.0,5.0,1110.0,0,1,0
6400.0,51.0,153051.875,69.0,0.0,1900.0,4.0,4.0,5.0,1095.0,0,1,0
7000.0,53.0,153051.875,69.0,0.0,1900.0,3.0,4.0,5.0,1105.0,0,1,0
7750.0,54.0,153051.875,72.0,0.0,1900.0,4.0,4.0,5.0,1100.0,0,1,0
8900.0,45.0,153051.875,69.0,0.0,1900.0,5.0,4.0,5.0,1095.0,0,1,0
8500.0,55.0,150000.0,110.0,0.0,1600.0,3.0,4.0,5.0,1075.0,1,0,0
8950.0,54.0,149329.0,72.0,0.0,1900.0,5.0,4.0,5.0,1135.0,0,1,0
9900.0,51.0,146736.0,110.0,0.0,1600.0,5.0,4.0,5.0,1080.0,0,0,1
10250.0,53.0,143513.0,69.0,0.0,1900.0,5.0,4.0,5.0,1140.0,0,1,0
9250.0,48.0,142130.0,110.0,0.0,1600.0,5.0,4.0,5.0,1119.0,1,0,0
7750.0,48.0,140700.0,69.0,0.0,1900.0,5.0,4.0,5.0,1110.0,0,1,0
9450.0,54.0,138394.0,69.0,0.0,1900.0,4.0,4.0,5.0,1095.0,0,1,0
7750.0,55.0,137000.0,72.0,0.0,1900.0,5.0,4.0,5.0,1135.0,0,1,0
8250.0,52.0,135258.0,69.0,0.0,1900.0,5.0,4.0,5.0,1140.0,0,1,0
9950.0,49.0,131364.0,110.0,0.0,1600.0,5.0,4.0,5.0,1075.0,0,0,1
4450.0,56.0,129155.0,69.0,0.0,1800.0,5.0,4.0,5.0,1110.0,0,1,0
9950.0,50.0,126110.0,110.0,0.0,1600.0,3.0,4.0,5.0,1055.0,0,0,1
9000.0,48.0,119742.0,110.0,0.0,1600.0,5.0,4.0,5.0,1080.0,0,0,1
9950.0,53.0,117913.0,69.0,0.0,1900.0,5.0,4.0,5.0,1110.0,0,1,0
12450.0,47.0,117430.0,90.0,0.0,1900.0,3.0,4.0,5.0,1152.5,0,1,0
10500.0,55.0,117175.0,110.0,0.0,1600.0,4.0,4.0,5.0,1035.0,0,0,1
10750.0,54.0,115558.0,110.0,0.0,1600.0,4.0,4.0,5.0,1035.0,0,0,1
8950.0,53.0,115113.0,97.0,0.0,1400.0,3.0,4.0,5.0,1025.0,0,0,1
10500.0,54.0,115046.0,69.0,0.0,1900.0,5.0,4.0,5.0,1140.0,0,1,0
5150.0,56.0,113997.0,72.0,0.0,1900.0,5.0,4.0,5.0,1135.0,0,1,0
10950.0,49.0,107859.0,97.0,0.0,1400.0,5.0,4.0,5.0,1060.0,0,0,1
9450.0,52.0,104805.0,97.0,0.0,1400.0,3.0,4.0,5.0,1025.0,0,0,1
9950.0,54.0,103454.0,110.0,0.0,1600.0,5.0,4.0,5.0,1075.0,0,0,1
10950.0,51.0,103018.0,69.0,0.0,1900.0,5.0,4.0,5.0,1140.0,0,1,0
11900.0,47.0,102352.0,110.0,0.0,1600.0,5.0,4.0,5.0,1080.0,0,0,1
9950.0,50.0,102030.0,97.0,0.0,1400.0,5.0,4.0,5.0,1060.0,0,0,1
11950.0,54.0,101352.0,110.0,0.0,1600.0,5.0,4.0,5.0,1080.0,0,0,1
7900.0,50.0,99865.0,110.0,0.0,1600.0,4.0,4.0,5.0,1035.0,0,0,1
10950.0,52.0,99323.0,110.0,0.0,1600.0,3.0,4.0,5.0,1055.0,0,0,1
8950.0,48.0,98100.0,69.0,0.0,1900.0,5.0,4.0,5.0,1140.0,0,1,0
11950.0,51.0,98040.0,110.0,0.0,1600.0,5.0,4.0,5.0,1080.0,0,0,1
10900.0,49.0,97600.0,110.0,0.0,1600.0,3.0,4.0,5.0,1045.0,0,0,1
9950.0,55.0,97234.0,110.0,0.0,1600.0,5.0,4.0,5.0,1080.0,0,0,1
9950.0,51.0,96135.0,72.0,0.0,1900.0,3.0,4.0,5.0,1115.0,0,1,0
10950.0,54.0,96100.0,110.0,0.0,1600.0,5.0,4.0,5.0,1080.0,0,0,1
8950.0,55.0,94401.0,72.0,0.0,1900.0,3.0,4.0,5.0,1115.0,0,1,0
8950.0,55.0,94122.0,86.0,0.0,1300.0,3.0,4.0,5.0,1015.0,0,0,1
10500.0,49.0,91340.0,110.0,0.0,1600.0,3.0,4.0,5.0,1055.0,0,0,1
8950.0,53.0,90200.0,97.0,0.0,1400.0,3.0,4.0,5.0,1025.0,0,0,1
9250.0,53.0,90097.0,69.0,0.0,1900.0,5.0,4.0,5.0,1140.0,0,1,0
11500.0,48.0,89049.0,97.0,0.0,1400.0,5.0,4.0,5.0,1060.0,0,0,1
9750.0,52.0,89000.0,110.0,0.0,1600.0,5.0,4.0,5.0,1075.0,0,0,1
9950.0,45.0,87274.0,110.0,0.0,1600.0,3.0,4.0,5.0,1040.0,0,0,1
11450.0,49.0,86221.0,110.0,0.0,1600.0,3.0,4.0,5.0,1045.0,0,0,1
12500.0,54.0,84598.0,110.0,0.0,1600.0,5.0,4.0,5.0,1075.0,0,0,1
10500.0,50.0,83567.0,110.0,0.0,1600.0,5.0,4.0,5.0,1075.0,0,0,1
12950.0,50.0,83106.0,110.0,0.0,1600.0,5.0,4.0,5.0,1075.0,0,0,1
12200.0,50.0,82805.0,110.0,0.0,1600.0,3.0,4.0,5.0,1040.0,0,0,1
10950.0,50.0,82735.0,97.0,0.0,1400.0,3.0,4.0,5.0,1030.0,0,0,1
10950.0,54.0,81905.0,110.0,0.0,1600.0,5.0,4.0,5.0,1105.0,0,0,1
11290.0,49.0,80320.0,110.0,0.0,1600.0,3.0,4.0,5.0,1070.0,0,0,1
10750.0,49.0,80090.0,97.0,0.0,1400.0,3.0,4.0,5.0,1030.0,0,0,1
10895.0,53.0,79800.0,110.0,0.0,1600.0,5.0,4.0,5.0,1075.0,0,0,1
11500.0,47.0,78785.0,110.0,0.0,1600.0,5.0,4.0,5.0,1119.0,1,0,0
9750.0,48.0,78600.0,110.0,0.0,1600.0,5.0,4.0,5.0,1075.0,0,0,1
10250.0,55.0,77780.0,110.0,0.0,1600.0,3.0,4.0,5.0,1040.0,0,0,1
12500.0,49.0,77648.0,110.0,0.0,1600.0,4.0,4.0,5.0,1030.0,0,0,1
11950.0,54.0,77270.0,110.0,0.0,1600.0,4.0,4.0,5.0,1035.0,0,0,1
10750.0,50.0,76167.0,97.0,0.0,1400.0,5.0,4.0,5.0,1060.0,0,0,1
11450.0,46.0,75249.0,110.0,0.0,1600.0,4.0,4.0,5.0,1035.0,0,0,1
11950.0,54.0,75231.0,110.0,0.0,1600.0,5.0,4.0,5.0,1080.0,0,0,1
11750.0,48.0,75045.0,110.0,0.0,1600.0,3.0,4.0,5.0,1055.0,0,0,1
10950.0,50.0,74849.0,110.0,0.0,1600.0,4.0,4.0,5.0,1060.0,0,0,1
11950.0,55.0,74715.0,110.0,0.0,1600.0,5.0,4.0,5.0,1080.0,0,0,1
10995.0,49.0,74656.0,69.0,0.0,1900.0,3.0,4.0,5.0,1105.0,0,1,0
11450.0,56.0,74500.0,97.0,0.0,1400.0,3.0,4.0,5.0,1025.0,0,0,1
8900.0,49.0,74494.0,110.0,0.0,1600.0,5.0,4.0,5.0,1075.0,0,0,1
10500.0,50.0,73634.0,110.0,0.0,1587.0,5.0,4.0,5.0,1075.0,0,0,1
11750.0,47.0,73403.0,110.0,0.0,1600.0,5.0,4.0,5.0,1075.0,0,0,1
11450.0,49.0,73175.0,97.0,0.0,1400.0,3.0,4.0,5.0,1030.0,0,0,1
12000.0,52.0,73000.0,110.0,0.0,1600.0,3.0,4.0,5.0,1055.0,0,0,1
11950.0,50.0,72242.0,110.0,0.0,1600.0,3.0,4.0,5.0,1070.0,0,0,1
9850.0,53.0,72000.0,97.0,0.0,1400.0,3.0,4.0,5.0,1025.0,0,0,1
10950.0,54.0,71725.0,110.0,0.0,1600.0,4.0,4.0,5.0,1035.0,0,0,1
10950.0,54.0,71276.0,110.0,0.0,1600.0,5.0,4.0,5.0,1080.0,0,0,1
8695.0,50.0,70440.0,69.0,0.0,1900.0,3.0,4.0,5.0,1105.0,0,1,0
10990.0,53.0,70239.0,110.0,0.0,1600.0,3.0,4.0,5.0,1040.0,0,0,1
9500.0,55.0,69813.0,97.0,0.0,1400.0,3.0,4.0,5.0,1025.0,0,0,1
11950.0,49.0,69659.0,86.0,0.0,1300.0,3.0,4.0,5.0,1025.0,0,0,1
10750.0,46.0,69574.0,97.0,0.0,1400.0,5.0,4.0,5.0,1065.0,0,0,1
8750.0,47.0,69000.0,69.0,0.0,1900.0,5.0,4.0,5.0,1140.0,0,1,0
8750.0,49.0,68565.0,110.0,0.0,1600.0,4.0,4.0,5.0,1030.0,0,0,1
11450.0,55.0,68520.0,72.0,0.0,1900.0,3.0,4.0,5.0,1115.0,0,1,0
9950.0,46.0,68414.0,97.0,0.0,1400.0,3.0,4.0,5.0,1025.0,0,0,1
11950.0,56.0,66777.0,110.0,0.0,1600.0,5.0,4.0,5.0,1090.0,0,0,1
13950.0,52.0,66527.0,110.0,0.0,1600.0,5.0,4.0,5.0,1080.0,0,0,1
11250.0,54.0,66063.0,110.0,0.0,1600.0,5.0,4.0,5.0,1090.0,0,0,1
10900.0,50.0,65471.0,97.0,0.0,1400.0,5.0,4.0,5.0,1060.0,0,0,1
9750.0,56.0,65400.0,97.0,0.0,1400.0,3.0,4.0,5.0,1025.0,0,0,1
9950.0,52.0,65170.0,97.0,0.0,1400.0,3.0,4.0,5.0,1025.0,0,0,1
11950.0,56.0,65000.0,110.0,0.0,1600.0,5.0,4.0,5.0,1075.0,0,0,1
10450.0,48.0,64193.0,110.0,0.0,1600.0,3.0,4.0,5.0,1040.0,0,0,1
8950.0,54.0,64000.0,97.0,0.0,1400.0,3.0,4.0,5.0,1025.0,0,0,1
10250.0,54.0,63792.0,110.0,0.0,1600.0,5.0,4.0,5.0,1075.0,0,0,1
9930.0,53.0,63635.0,110.0,0.0,1600.0,4.0,4.0,5.0,1035.0,0,0,1
10500.0,54.0,63135.0,110.0,0.0,1600.0,3.0,4.0,5.0,1050.0,0,0,1
11950.0,54.0,63123.0,110.0,0.0,1600.0,4.0,4.0,5.0,1035.0,0,0,1
11500.0,48.0,63000.0,69.0,0.0,1900.0,5.0,4.0,5.0,1140.0,0,1,0
11500.0,55.0,63000.0,110.0,0.0,1600.0,4.0,4.0,5.0,1035.0,0,0,1
11450.0,54.0,62987.0,110.0,0.0,1600.0,5.0,4.0,5.0,1080.0,0,0,1
9900.0,56.0,62751.0,110.0,0.0,1600.0,3.0,4.0,5.0,1050.0,0,0,1
9500.0,54.0,62519.0,97.0,0.0,1400.0,3.0,4.0,5.0,1025.0,0,0,1
10500.0,50.0,62280.0,97.0,0.0,1400.0,5.0,4.0,5.0,1060.0,0,0,1
10750.0,50.0,61672.0,110.0,0.0,1600.0,5.0,4.0,5.0,1075.0,0,0,1
8950.0,54.0,61000.0,69.0,0.0,1900.0,5.0,4.0,5.0,1140.0,0,1,0
12000.0,56.0,61000.0,110.0,0.0,1600.0,3.0,4.0,5.0,1050.0,0,0,1
9940.0,53.0,60558.0,110.0,0.0,1600.0,4.0,4.0,5.0,1105.0,0,0,1
10950.0,47.0,60348.0,110.0,0.0,1600.0,4.0,4.0,5.0,1030.0,0,0,1
10750.0,54.0,60239.0,110.0,0.0,1600.0,5.0,4.0,5.0,1075.0,0,0,1
9799.0,51.0,59000.0,97.0,0.0,1400.0,3.0,4.0,5.0,1025.0,0,0,1
11750.0,51.0,58761.0,97.0,0.0,1300.0,5.0,4.0,5.0,1060.0,0,0,1
11950.0,54.0,58745.0,110.0,0.0,1600.0,4.0,4.0,5.0,1035.0,0,0,1
11250.0,52.0,58596.0,110.0,0.0,1600.0,3.0,4.0,5.0,1045.0,0,0,1
11750.0,54.0,58530.0,110.0,0.0,1600.0,5.0,4.0,5.0,1075.0,0,0,1
10950.0,55.0,58377.0,110.0,0.0,1600.0,3.0,4.0,5.0,1050.0,0,0,1
11250.0,56.0,58142.0,110.0,0.0,1600.0,5.0,4.0,5.0,1080.0,0,0,1
9950.0,53.0,57948.0,97.0,0.0,1400.0,3.0,4.0,5.0,1025.0,0,0,1
9700.0,51.0,57645.0,110.0,0.0,1600.0,5.0,4.0,5.0,1080.0,0,0,1
11950.0,47.0,57500.0,110.0,0.0,1600.0,4.0,4.0,5.0,1105.0,0,0,1
9900.0,53.0,57475.0,110.0,0.0,1600.0,3.0,4.0,5.0,1040.0,0,0,1
9990.0,55.0,56743.0,110.0,0.0,1600.0,3.0,4.0,5.0,1045.0,0,0,1
9475.0,48.0,56675.0,97.0,0.0,1400.0,3.0,4.0,5.0,1025.0,0,0,1
11500.0,54.0,55877.0,110.0,0.0,1600.0,5.0,4.0,5.0,1075.0,0,0,1
11950.0,53.0,55500.0,110.0,0.0,1600.0,4.0,4.0,5.0,1035.0,0,0,1
11500.0,55.0,54900.0,97.0,0.0,1400.0,5.0,4.0,5.0,1060.0,0,0,1
10500.0,50.0,54465.0,110.0,0.0,1600.0,5.0,4.0,5.0,1075.0,0,0,1
10900.0,46.0,53700.0,97.0,0.0,1400.0,5.0,4.0,5.0,1060.0,0,0,1
11700.0,52.0,53561.0,97.0,0.0,1400.0,5.0,4.0,5.0,1060.0,0,0,1
11900.0,51.0,53408.0,110.0,0.0,1600.0,5.0,4.0,5.0,1080.0,0,0,1
13950.0,51.0,53268.0,110.0,0.0,1600.0,5.0,4.0,5.0,1080.0,0,0,1
10950.0,49.0,53116.0,97.0,0.0,1400.0,3.0,4.0,5.0,1025.0,0,0,1
10500.0,56.0,52448.0,97.0,0.0,1400.0,3.0,4.0,5.0,1025.0,0,0,1
10750.0,55.0,52149.0,97.0,0.0,1400.0,3.0,4.0,5.0,1085.0,0,0,1
11950.0,55.0,52141.0,110.0,0.0,1600.0,5.0,4.0,5.0,1070.0,0,0,1
10000.0,56.0,52000.0,97.0,0.0,1400.0,3.0,4.0,5.0,1025.0,0,0,1
10495.0,48.0,50967.0,97.0,0.0,1400.0,5.0,4.0,5.0,1060.0,0,0,1
11450.0,50.0,50400.0,110.0,0.0,1600.0,5.0,4.0,5.0,1080.0,0,0,1
9400.0,54.0,50000.0,97.0,0.0,1400.0,3.0,4.0,5.0,1025.0,0,0,1
11950.0,51.0,50000.0,86.0,0.0,1300.0,5.0,4.0,5.0,1045.0,0,0,1
9650.0,53.0,49969.0,110.0,0.0,1600.0,5.0,4.0,5.0,1075.0,0,0,1
17200.0,49.0,49568.0,110.0,0.0,1600.0,3.0,4.0,5.0,1105.0,0,0,1
11450.0,51.0,49473.0,110.0,0.0,1600.0,3.0,4.0,5.0,1055.0,0,0,1
10250.0,52.0,49432.0,110.0,0.0,1600.0,3.0,4.0,5.0,1050.0,0,0,1
11450.0,48.0,49417.0,110.0,0.0,1600.0,3.0,4.0,5.0,1045.0,0,0,1
9950.0,54.0,49366.0,97.0,0.0,1400.0,3.0,4.0,5.0,1025.0,0,0,1
10500.0,56.0,48731.0,110.0,0.0,1600.0,3.0,4.0,5.0,1055.0,0,0,1
13750.0,54.0,48370.0,110.0,0.0,1600.0,5.0,4.0,5.0,1080.0,0,0,1
9950.0,48.0,48071.0,97.0,0.0,1400.0,3.0,4.0,5.0,1025.0,0,0,1
10250.0,54.0,47852.0,110.0,0.0,1600.0,4.0,4.0,5.0,1030.0,0,0,1
10850.0,54.0,47768.0,110.0,0.0,1600.0,3.0,4.0,5.0,1055.0,0,0,1
11895.0,52.0,47689.0,110.0,0.0,1600.0,5.0,4.0,5.0,1075.0,0,0,1
12950.0,53.0,47451.0,110.0,0.0,1600.0,3.0,4.0,5.0,1055.0,0,0,1
11950.0,50.0,47219.0,110.0,0.0,1600.0,5.0,4.0,5.0,1080.0,0,0,1
10750.0,56.0,47211.0,110.0,0.0,1600.0,5.0,4.0,5.0,1070.0,0,0,1
9550.0,54.0,46856.0,97.0,0.0,1400.0,5.0,4.0,5.0,1060.0,0,0,1
10950.0,56.0,46500.0,86.0,0.0,1300.0,5.0,4.0,5.0,1035.0,0,0,1
11750.0,52.0,46449.0,110.0,0.0,1600.0,4.0,4.0,5.0,1035.0,0,0,1
10950.0,47.0,46391.0,110.0,0.0,1600.0,5.0,4.0,5.0,1075.0,0,0,1
12450.0,54.0,46230.0,110.0,0.0,1600.0,3.0,4.0,5.0,1055.0,0,0,1
10500.0,52.0,46029.0,110.0,0.0,1600.0,4.0,4.0,5.0,1030.0,0,0,1
10900.0,50.0,46000.0,97.0,0.0,1400.0,3.0,4.0,5.0,1025.0,0,0,1
12950.0,50.0,45900.0,110.0,0.0,1600.0,5.0,4.0,5.0,1075.0,0,0,1
10950.0,47.0,45850.0,97.0,0.0,1400.0,5.0,4.0,5.0,1060.0,0,0,1
12500.0,56.0,45336.0,110.0,0.0,1600.0,5.0,4.0,5.0,1080.0,0,0,1
9950.0,55.0,44537.0,97.0,0.0,1400.0,3.0,4.0,5.0,1025.0,0,0,1
10750.0,56.0,43700.0,86.0,0.0,1300.0,3.0,4.0,5.0,1025.0,0,0,1
12500.0,48.0,43120.0,97.0,0.0,1400.0,3.0,4.0,5.0,1030.0,0,0,1
10450.0,49.0,41710.0,110.0,0.0,1600.0,3.0,4.0,5.0,1040.0,0,0,1
10750.0,52.0,41700.0,97.0,0.0,1400.0,3.0,4.0,5.0,1025.0,0,0,1
12950.0,49.0,41636.0,110.0,0.0,1600.0,5.0,4.0,5.0,1105.0,0,0,1
10995.0,50.0,41273.0,97.0,0.0,1400.0,5.0,4.0,5.0,1060.0,0,0,1
11950.0,49.0,40836.0,110.0,0.0,1600.0,3.0,4.0,5.0,1075.0,0,0,1
11250.0,50.0,40400.0,97.0,0.0,1400.0,5.0,4.0,5.0,1060.0,0,0,1
11950.0,47.0,40361.0,110.0,0.0,1600.0,5.0,4.0,5.0,1090.0,0,0,1
13750.0,54.0,40325.0,86.0,0.0,1300.0,5.0,4.0,5.0,1045.0,0,0,1
11000.0,47.0,40000.0,110.0,0.0,1600.0,5.0,4.0,5.0,1080.0,0,0,1
13500.0,50.0,39706.0,110.0,0.0,1600.0,5.0,4.0,5.0,1080.0,0,0,1
10950.0,54.0,39291.0,110.0,0.0,1600.0,3.0,4.0,5.0,1040.0,0,0,1
10750.0,54.0,39000.0,97.0,0.0,1400.0,3.0,4.0,5.0,1025.0,0,0,1
8950.0,47.0,38900.0,97.0,0.0,1400.0,3.0,4.0,5.0,1025.0,0,0,1
12950.0,51.0,38403.0,110.0,0.0,1600.0,3.0,4.0,5.0,1055.0,0,0,1
9750.0,56.0,37461.0,97.0,0.0,1400.0,3.0,4.0,5.0,1025.0,0,0,1
10900.0,54.0,37000.0,97.0,0.0,1400.0,3.0,4.0,5.0,1025.0,0,0,1
10995.0,55.0,36406.0,110.0,0.0,1600.0,4.0,4.0,5.0,1035.0,0,0,1
10750.0,48.0,36005.0,97.0,0.0,1400.0,5.0,4.0,5.0,1065.0,0,0,1
10950.0,52.0,36000.0,110.0,0.0,1600.0,5.0,4.0,5.0,1075.0,0,0,1
13000.0,49.0,36000.0,110.0,0.0,1600.0,5.0,4.0,5.0,1080.0,0,0,1
12950.0,45.0,36000.0,110.0,0.0,1600.0,3.0,4.0,5.0,1070.0,0,0,1
11500.0,52.0,35823.0,110.0,0.0,1600.0,5.0,4.0,5.0,1075.0,0,0,1
10950.0,56.0,35230.0,97.0,0.0,1400.0,3.0,4.0,5.0,1025.0,0,0,1
11710.0,48.0,35142.0,110.0,0.0,1600.0,3.0,4.0,5.0,1055.0,0,0,1
9980.0,49.0,34890.0,97.0,0.0,1400.0,3.0,4.0,5.0,1025.0,0,0,1
12250.0,51.0,34882.0,110.0,0.0,1600.0,5.0,4.0,5.0,1075.0,0,0,1
11500.0,46.0,34000.0,110.0,0.0,1600.0,5.0,4.0,5.0,1075.0,0,0,1
11950.0,56.0,33998.0,110.0,0.0,1600.0,5.0,4.0,5.0,1080.0,0,0,1
11500.0,55.0,33230.0,110.0,0.0,1600.0,3.0,4.0,5.0,1050.0,0,0,1
11900.0,46.0,33021.0,110.0,0.0,1600.0,5.0,4.0,5.0,1080.0,0,0,1
11930.0,49.0,31999.0,97.0,0.0,1400.0,3.0,4.0,5.0,1030.0,0,0,1
10500.0,52.0,31579.0,97.0,0.0,1400.0,3.0,4.0,5.0,1025.0,0,0,1
8950.0,56.0,31000.0,97.0,0.0,1400.0,3.0,4.0,5.0,1025.0,0,0,1
10450.0,46.0,30806.0,97.0,0.0,1400.0,5.0,4.0,5.0,1060.0,0,0,1
10500.0,55.0,30461.0,86.0,0.0,1300.0,5.0,4.0,5.0,1050.0,0,0,1
12950.0,50.0,29686.0,110.0,0.0,1600.0,3.0,4.0,5.0,1075.0,0,0,1
9950.0,55.0,29650.0,86.0,0.0,1300.0,3.0,4.0,5.0,1025.0,0,0,1
12900.0,52.0,29500.0,110.0,0.0,1600.0,3.0,4.0,5.0,1055.0,0,0,1
9950.0,48.0,28656.0,97.0,0.0,1400.0,3.0,4.0,5.0,1085.0,0,0,1
9950.0,55.0,27500.0,97.0,0.0,1400.0,3.0,4.0,5.0,1025.0,0,0,1
10950.0,48.0,26938.0,110.0,0.0,1600.0,3.0,4.0,5.0,1040.0,0,0,1
10950.0,53.0,26624.0,97.0,0.0,1400.0,5.0,4.0,5.0,1060.0,0,0,1
9950.0,47.0,26221.0,97.0,0.0,1400.0,3.0,4.0,5.0,1025.0,0,0,1
10950.0,50.0,22648.0,97.0,0.0,1400.0,5.0,4.0,5.0,1060.0,0,0,1
10800.0,50.0,22500.0,97.0,0.0,1400.0,3.0,4.0,5.0,1025.0,0,0,1
10500.0,56.0,19313.0,97.0,0.0,1400.0,3.0,4.0,5.0,1025.0,0,0,1
10450.0,50.0,17619.0,110.0,0.0,1600.0,4.0,4.0,5.0,1030.0,0,0,1
10600.0,51.0,17069.0,97.0,0.0,1400.0,3.0,4.0,5.0,1025.0,0,0,1
10450.0,48.0,15000.0,97.0,0.0,1400.0,3.0,4.0,5.0,1025.0,0,0,1
12950.0,50.0,10210.0,97.0,0.0,1400.0,5.0,4.0,5.0,1065.0,0,0,1
11250.0,47.0,5309.0,110.0,0.0,1600.0,3.0,4.0,5.0,1070.0,0,0,1
7500.0,50.0,1.0,90.0,0.0,1900.0,3.0,4.0,5.0,1152.5,0,1,0
8950.0,52.0,31000.0,97.0,0.0,1398.0,3.0,4.0,5.0,1025.0,0,0,1
6950.0,58.0,153051.875,72.0,0.0,1900.0,4.0,4.0,5.0,1100.0,0,1,0
7900.0,68.0,153051.875,72.0,0.0,1900.0,3.0,4.0,5.0,1115.0,0,1,0
5950.0,68.0,153051.875,86.0,0.0,1300.0,4.0,4.0,5.0,1000.0,0,0,1
7500.0,59.0,153051.875,72.0,0.0,1900.0,3.0,4.0,5.0,1115.0,0,1,0
7500.0,62.0,153051.875,72.0,0.0,1900.0,5.0,4.0,5.0,1140.0,0,1,0
6900.0,65.0,153051.875,72.0,0.0,1900.0,3.0,4.0,5.0,1115.0,0,1,0
5751.0,67.0,153051.875,72.0,0.0,1900.0,4.0,4.0,5.0,1100.0,0,1,0
6950.0,68.0,153051.875,86.0,0.0,1300.0,3.0,4.0,5.0,1015.0,0,0,1
7950.0,67.0,153051.875,110.0,0.0,1600.0,5.0,4.0,5.0,1050.0,0,0,1
7750.0,59.0,153051.875,72.0,0.0,1900.0,3.0,4.0,5.0,1120.0,0,1,0
7950.0,64.0,153051.875,72.0,0.0,1900.0,5.0,4.0,5.0,1135.0,0,1,0
8250.0,64.0,150585.0,110.0,0.0,1600.0,3.0,4.0,5.0,1065.0,0,0,1
6250.0,67.0,149000.0,90.0,0.0,1900.0,5.0,4.0,5.0,1135.0,0,1,0
9500.0,62.0,147636.0,72.0,0.0,1900.0,5.0,4.0,5.0,1135.0,0,1,0
6900.0,59.0,144521.0,72.0,0.0,1900.0,5.0,4.0,5.0,1135.0,0,1,0
8450.0,64.0,144000.0,110.0,0.0,1600.0,3.0,4.0,5.0,1065.0,1,0,0
7350.0,65.0,140168.0,72.0,0.0,1900.0,3.0,4.0,5.0,1115.0,0,1,0
8950.0,68.0,140000.0,110.0,0.0,1600.0,5.0,4.0,5.0,1085.0,0,0,1
6900.0,60.0,139800.0,72.0,0.0,1900.0,3.0,4.0,5.0,1115.0,0,1,0
8950.0,59.0,137050.0,110.0,0.0,1600.0,3.0,4.0,5.0,1078.0,1,0,0
8750.0,61.0,136956.0,110.0,0.0,1600.0,3.0,4.0,5.0,1065.0,0,0,1
7950.0,67.0,135337.0,110.0,0.0,1600.0,5.0,4.0,5.0,1120.0,1,0,0
8950.0,64.0,133769.0,72.0,0.0,1900.0,3.0,4.0,5.0,1120.0,0,1,0
8950.0,58.0,133405.0,72.0,0.0,1900.0,5.0,4.0,5.0,1135.0,0,1,0
8950.0,65.0,132807.0,72.0,0.0,1900.0,5.0,4.0,5.0,1135.0,0,1,0
7950.0,64.0,132393.0,72.0,0.0,1900.0,5.0,4.0,5.0,1135.0,0,1,0
7750.0,60.0,130270.0,110.0,0.0,1600.0,3.0,4.0,5.0,1050.0,0,0,1
7500.0,59.0,130000.0,72.0,0.0,1900.0,4.0,4.0,5.0,1135.0,0,1,0
8950.0,67.0,127000.0,72.0,0.0,1900.0,5.0,4.0,5.0,1135.0,0,1,0
9800.0,67.0,126800.0,72.0,0.0,1900.0,5.0,4.0,5.0,1135.0,0,1,0
9450.0,66.0,126452.0,110.0,0.0,1600.0,5.0,4.0,5.0,1085.0,0,0,1
8950.0,62.0,125175.0,116.0,0.0,1900.0,5.0,4.0,5.0,1150.0,0,1,0
8750.0,68.0,125000.0,72.0,0.0,1900.0,3.0,4.0,5.0,1115.0,0,1,0
10500.0,61.0,123000.0,72.0,0.0,1900.0,5.0,4.0,5.0,1135.0,0,1,0
7995.0,59.0,121626.0,86.0,0.0,1300.0,5.0,4.0,5.0,1050.0,0,0,1
10450.0,64.0,120400.0,110.0,0.0,1600.0,5.0,4.0,5.0,1090.0,0,0,1
9950.0,66.0,120000.0,72.0,0.0,1900.0,4.0,4.0,5.0,1100.0,0,1,0
9950.0,68.0,119541.0,110.0,0.0,1600.0,3.0,4.0,5.0,1055.0,0,0,1
8950.0,68.0,119500.0,110.0,0.0,1600.0,5.0,4.0,5.0,1070.0,0,0,1
7950.0,68.0,119289.0,110.0,0.0,1600.0,4.0,4.0,5.0,1035.0,0,0,1
10950.0,57.0,118833.0,110.0,0.0,1600.0,3.0,4.0,5.0,1065.0,0,0,1
9950.0,64.0,118000.0,72.0,0.0,1900.0,5.0,4.0,5.0,1150.0,0,1,0
8600.0,68.0,117955.0,110.0,0.0,1600.0,4.0,4.0,5.0,1065.0,0,0,1
7250.0,65.0,117609.0,86.0,0.0,1300.0,3.0,4.0,5.0,1015.0,0,0,1
6950.0,68.0,117000.0,72.0,0.0,1900.0,3.0,4.0,5.0,1115.0,0,1,0
8000.0,64.0,116000.0,86.0,0.0,1300.0,5.0,4.0,5.0,1045.0,0,0,1
9950.0,58.0,115715.0,110.0,0.0,1600.0,5.0,4.0,5.0,1070.0,0,0,1
9450.0,60.0,115191.0,110.0,0.0,1600.0,4.0,4.0,5.0,1079.0,1,0,0
7950.0,68.0,115071.0,110.0,0.0,1600.0,3.0,4.0,5.0,1055.0,0,0,1
9450.0,63.0,115000.0,110.0,0.0,1600.0,3.0,4.0,5.0,1109.0,1,0,0
9950.0,64.0,114846.0,110.0,0.0,1600.0,5.0,4.0,5.0,1075.0,0,0,1
6950.0,65.0,114383.0,90.0,0.0,1900.0,3.0,4.0,5.0,1152.5,0,1,0
8250.0,59.0,113700.0,110.0,0.0,1600.0,5.0,4.0,5.0,1065.0,0,0,1
9950.0,67.0,113118.0,86.0,0.0,1300.0,3.0,4.0,5.0,1020.0,0,0,1
8250.0,59.0,112827.0,86.0,0.0,1300.0,5.0,4.0,5.0,1040.0,0,0,1
9950.0,68.0,112116.0,110.0,0.0,1600.0,5.0,4.0,5.0,1070.0,0,0,1
10500.0,66.0,112000.0,110.0,0.0,1600.0,3.0,4.0,5.0,1065.0,0,0,1
7950.0,62.0,112000.0,72.0,0.0,1900.0,4.0,4.0,5.0,1135.0,0,1,0
9750.0,65.0,111769.0,110.0,0.0,1600.0,3.0,4.0,5.0,1065.0,0,0,1
9250.0,61.0,110853.0,110.0,0.0,1600.0,5.0,4.0,5.0,1070.0,0,0,1
9500.0,68.0,110287.0,110.0,0.0,1600.0,3.0,4.0,5.0,1050.0,0,0,1
9950.0,62.0,109547.0,110.0,0.0,1600.0,5.0,4.0,5.0,1075.0,0,0,1
7750.0,63.0,109230.0,110.0,0.0,1600.0,3.0,4.0,5.0,1050.0,0,0,1
9500.0,68.0,109150.0,110.0,0.0,1600.0,5.0,4.0,5.0,1075.0,0,0,1
9950.0,67.0,108793.0,110.0,0.0,1600.0,4.0,4.0,5.0,1035.0,0,0,1
9750.0,64.0,106784.0,110.0,0.0,1600.0,3.0,4.0,5.0,1050.0,0,0,1
9750.0,58.0,105942.0,86.0,0.0,1300.0,5.0,4.0,5.0,1040.0,0,0,1
5950.0,59.0,105000.0,86.0,0.0,1300.0,3.0,4.0,5.0,1015.0,0,0,1
8500.0,62.0,105000.0,86.0,0.0,1300.0,5.0,4.0,5.0,1040.0,0,0,1
8495.0,68.0,104299.0,110.0,0.0,1600.0,5.0,4.0,5.0,1085.0,0,0,1
9250.0,67.0,104000.0,86.0,0.0,1300.0,3.0,4.0,5.0,1020.0,0,0,1
6900.0,68.0,104000.0,86.0,0.0,1300.0,3.0,4.0,5.0,1015.0,0,0,1
8950.0,58.0,103458.0,86.0,0.0,1300.0,3.0,4.0,5.0,1025.0,0,0,1
9500.0,63.0,103400.0,110.0,0.0,1600.0,5.0,4.0,5.0,1075.0,0,0,1
9250.0,63.0,102807.0,86.0,0.0,1300.0,5.0,4.0,5.0,1055.0,0,0,1
9895.0,68.0,102494.0,110.0,0.0,1600.0,5.0,4.0,5.0,1090.0,0,0,1
9950.0,57.0,102300.0,72.0,0.0,1900.0,5.0,4.0,5.0,1135.0,0,1,0
7950.0,61.0,102106.0,110.0,0.0,1600.0,3.0,4.0,5.0,1050.0,0,0,1
8750.0,68.0,101889.0,110.0,0.0,1600.0,5.0,4.0,5.0,1075.0,0,0,1
8250.0,57.0,101791.0,72.0,0.0,1900.0,3.0,4.0,5.0,1115.0,0,1,0
8950.0,63.0,101469.0,110.0,0.0,1600.0,3.0,4.0,5.0,1065.0,0,0,1
8950.0,68.0,101001.0,110.0,0.0,1600.0,5.0,4.0,5.0,1075.0,0,0,1
8950.0,61.0,100748.0,110.0,0.0,1600.0,5.0,4.0,5.0,1070.0,0,0,1
8950.0,65.0,100550.0,110.0,0.0,1600.0,5.0,4.0,5.0,1075.0,0,0,1
9450.0,67.0,99781.0,110.0,0.0,1600.0,5.0,4.0,5.0,1085.0,0,0,1
8950.0,59.0,98658.0,86.0,0.0,1300.0,3.0,4.0,5.0,1020.0,0,0,1
9250.0,65.0,98500.0,110.0,0.0,1600.0,5.0,4.0,5.0,1075.0,0,0,1
8750.0,64.0,98291.0,86.0,0.0,1300.0,4.0,4.0,5.0,1000.0,0,0,1
9950.0,61.0,97648.0,110.0,0.0,1600.0,3.0,4.0,5.0,1065.0,0,0,1
9950.0,61.0,97425.0,110.0,0.0,1600.0,5.0,4.0,5.0,1075.0,0,0,1
9900.0,65.0,97173.0,86.0,0.0,1300.0,3.0,4.0,5.0,1015.0,0,0,1
8950.0,66.0,97046.0,86.0,0.0,1300.0,4.0,4.0,5.0,1000.0,0,0,1
8950.0,67.0,96000.0,110.0,0.0,1600.0,3.0,4.0,5.0,1050.0,0,0,1
12250.0,60.0,96000.0,72.0,0.0,1900.0,4.0,4.0,5.0,1100.0,0,1,0
9250.0,67.0,95750.0,110.0,0.0,1600.0,5.0,4.0,5.0,1070.0,0,0,1
10250.0,61.0,95147.0,110.0,0.0,1600.0,3.0,4.0,5.0,1050.0,0,0,1
8950.0,68.0,95000.0,110.0,0.0,1600.0,3.0,4.0,5.0,1050.0,0,0,1
7999.0,65.0,95000.0,110.0,0.0,1600.0,3.0,4.0,5.0,1050.0,0,0,1
9900.0,66.0,94606.0,110.0,0.0,1600.0,3.0,4.0,5.0,1065.0,0,0,1
8250.0,63.0,94504.0,86.0,0.0,1300.0,4.0,4.0,5.0,1000.0,0,0,1
10500.0,65.0,93428.0,110.0,0.0,1600.0,5.0,4.0,5.0,1075.0,0,0,1
8450.0,65.0,93408.0,86.0,0.0,1300.0,3.0,4.0,5.0,1015.0,0,0,1
9900.0,68.0,93296.0,110.0,0.0,1600.0,5.0,4.0,5.0,1090.0,0,0,1
10500.0,62.0,93098.0,110.0,0.0,1600.0,5.0,4.0,5.0,1075.0,0,0,1
8500.0,67.0,92922.0,72.0,0.0,1900.0,4.0,4.0,5.0,1100.0,0,1,0
9500.0,61.0,92498.0,110.0,0.0,1600.0,3.0,4.0,5.0,1050.0,0,0,1
9450.0,65.0,92226.0,110.0,0.0,1600.0,3.0,4.0,5.0,1065.0,0,0,1
9900.0,68.0,91505.0,72.0,0.0,1900.0,3.0,4.0,5.0,1115.0,0,1,0
8250.0,64.0,91333.0,110.0,0.0,1600.0,3.0,4.0,5.0,1050.0,0,0,1
8750.0,65.0,91246.0,86.0,0.0,1300.0,3.0,4.0,5.0,1015.0,0,0,1
9500.0,58.0,91000.0,110.0,0.0,1600.0,5.0,4.0,5.0,1075.0,0,0,1
8450.0,68.0,90727.0,110.0,0.0,1600.0,3.0,4.0,5.0,1050.0,0,0,1
8490.0,62.0,90000.0,110.0,0.0,1600.0,3.0,4.0,5.0,1050.0,0,0,1
8750.0,60.0,89576.0,110.0,0.0,1600.0,4.0,4.0,5.0,1035.0,0,0,1
9750.0,64.0,89145.0,86.0,0.0,1300.0,3.0,4.0,5.0,1025.0,0,0,1
9950.0,63.0,89000.0,110.0,0.0,1600.0,5.0,4.0,5.0,1085.0,0,0,1
8500.0,68.0,88807.0,110.0,0.0,1600.0,3.0,4.0,5.0,1050.0,0,0,1
8450.0,63.0,88685.0,110.0,0.0,1600.0,5.0,4.0,5.0,1070.0,0,0,1
7900.0,62.0,88667.0,110.0,0.0,1600.0,4.0,4.0,5.0,1040.0,0,0,1
8750.0,57.0,88480.0,110.0,0.0,1600.0,3.0,4.0,5.0,1050.0,0,0,1
7950.0,61.0,88127.0,86.0,0.0,1300.0,3.0,4.0,5.0,1015.0,0,0,1
6900.0,62.0,88000.0,86.0,0.0,1300.0,3.0,4.0,5.0,1020.0,0,0,1
8150.0,65.0,87821.0,86.0,0.0,1300.0,3.0,4.0,5.0,1015.0,0,0,1
10995.0,59.0,87654.0,86.0,0.0,1300.0,5.0,4.0,5.0,1065.0,0,0,1
8900.0,59.0,86888.0,110.0,0.0,1600.0,3.0,4.0,5.0,1050.0,0,0,1
9500.0,59.0,86871.0,86.0,0.0,1300.0,5.0,4.0,5.0,1040.0,0,0,1
8950.0,68.0,86714.0,110.0,0.0,1600.0,4.0,4.0,5.0,1035.0,0,0,1
11500.0,65.0,85889.0,110.0,0.0,1600.0,3.0,4.0,5.0,1065.0,0,0,1
10450.0,62.0,85000.0,110.0,0.0,1600.0,3.0,4.0,5.0,1050.0,0,0,1
10500.0,60.0,85000.0,86.0,0.0,1300.0,3.0,4.0,5.0,1025.0,0,0,1
9250.0,68.0,84976.0,110.0,0.0,1600.0,4.0,4.0,5.0,1035.0,0,0,1
10950.0,65.0,84558.0,110.0,0.0,1600.0,5.0,4.0,5.0,1120.0,0,0,1
10450.0,62.0,84549.0,110.0,0.0,1600.0,5.0,4.0,5.0,1075.0,0,0,1
9250.0,68.0,84482.0,110.0,0.0,1600.0,5.0,4.0,5.0,1075.0,0,0,1
8750.0,62.0,83908.0,110.0,0.0,1600.0,5.0,4.0,5.0,1070.0,0,0,1
8750.0,67.0,83560.0,86.0,0.0,1300.0,3.0,4.0,5.0,1015.0,0,0,1
9800.0,68.0,83000.0,107.0,0.0,1600.0,5.0,4.0,5.0,1100.0,0,0,1
8250.0,64.0,82723.0,86.0,0.0,1300.0,3.0,4.0,5.0,1015.0,0,0,1
10450.0,62.0,82421.0,110.0,0.0,1600.0,3.0,4.0,5.0,1065.0,0,0,1
9750.0,58.0,82254.0,110.0,0.0,1600.0,5.0,4.0,5.0,1050.0,0,0,1
8950.0,61.0,82115.0,110.0,0.0,1600.0,3.0,4.0,5.0,1055.0,0,0,1
7450.0,65.0,82000.0,86.0,0.0,1300.0,3.0,4.0,5.0,1015.0,0,0,1
8450.0,68.0,81965.0,86.0,0.0,1300.0,5.0,4.0,5.0,1035.0,0,0,1
8250.0,66.0,81250.0,110.0,0.0,1600.0,3.0,4.0,5.0,1050.0,0,0,1
10950.0,65.0,81192.0,110.0,0.0,1600.0,3.0,4.0,5.0,1065.0,0,0,1
8950.0,61.0,81170.0,110.0,0.0,1600.0,4.0,4.0,5.0,1040.0,0,0,1
8750.0,66.0,81083.0,86.0,0.0,1300.0,3.0,4.0,5.0,1015.0,0,0,1
10450.0,61.0,80714.0,110.0,0.0,1600.0,5.0,4.0,5.0,1075.0,0,0,1
10950.0,57.0,80470.0,110.0,0.0,1600.0,5.0,4.0,5.0,1085.0,0,0,1
8450.0,65.0,80439.0,110.0,0.0,1600.0,4.0,4.0,5.0,1035.0,0,0,1
9950.0,59.0,80430.0,110.0,0.0,1600.0,3.0,4.0,5.0,1065.0,0,0,1
9950.0,68.0,80426.0,110.0,0.0,1600.0,3.0,4.0,5.0,1055.0,0,0,1
8750.0,62.0,80265.0,86.0,0.0,1300.0,3.0,4.0,5.0,1015.0,0,0,1
9950.0,65.0,80153.0,110.0,0.0,1600.0,5.0,4.0,5.0,1070.0,0,0,1
9500.0,68.0,80121.0,110.0,0.0,1600.0,5.0,4.0,5.0,1070.0,0,0,1
8250.0,65.0,80086.0,110.0,0.0,1600.0,4.0,4.0,5.0,1035.0,0,0,1
10950.0,62.0,80000.0,110.0,0.0,1600.0,5.0,4.0,5.0,1075.0,0,0,1
7950.0,60.0,80000.0,86.0,0.0,1300.0,5.0,4.0,5.0,1015.0,0,0,1
8250.0,65.0,80000.0,86.0,0.0,1300.0,2.0,4.0,5.0,1015.0,0,0,1
9895.0,67.0,79858.0,110.0,0.0,1600.0,4.0,4.0,5.0,1040.0,0,0,1
9130.0,67.0,79762.0,86.0,0.0,1300.0,3.0,4.0,5.0,1015.0,0,0,1
10950.0,59.0,79660.0,86.0,0.0,1300.0,5.0,4.0,5.0,1065.0,0,0,1
10500.0,60.0,79150.0,110.0,0.0,1600.0,5.0,4.0,5.0,1075.0,0,0,1
8900.0,61.0,79000.0,110.0,0.0,1600.0,3.0,4.0,5.0,1050.0,0,0,1
9500.0,57.0,78955.0,86.0,0.0,1300.0,5.0,4.0,5.0,1045.0,0,0,1
10950.0,59.0,78750.0,90.0,0.0,1900.0,5.0,4.0,5.0,1152.5,0,1,0
7950.0,68.0,78521.0,86.0,0.0,1300.0,3.0,4.0,5.0,1015.0,0,0,1
7950.0,64.0,78356.0,86.0,0.0,1300.0,3.0,4.0,5.0,1015.0,0,0,1
7950.0,65.0,78076.0,86.0,0.0,1300.0,3.0,4.0,5.0,1015.0,0,0,1
9500.0,61.0,78063.0,107.0,0.0,1600.0,5.0,4.0,5.0,1100.0,0,0,1
10950.0,67.0,77821.0,110.0,0.0,1600.0,5.0,4.0,5.0,1075.0,0,0,1
9750.0,68.0,77695.0,110.0,0.0,1600.0,4.0,4.0,5.0,1035.0,0,0,1
9750.0,65.0,77500.0,110.0,0.0,1600.0,3.0,4.0,5.0,1050.0,0,0,1
9450.0,63.0,77457.0,110.0,0.0,1600.0,3.0,4.0,5.0,1055.0,0,0,1
8950.0,68.0,77029.0,86.0,0.0,1300.0,3.0,4.0,5.0,1015.0,0,0,1
8950.0,68.0,77008.0,86.0,0.0,1300.0,3.0,4.0,5.0,1015.0,0,0,1
8900.0,66.0,76791.0,110.0,0.0,1600.0,5.0,4.0,5.0,1070.0,0,0,1
9950.0,61.0,76700.0,86.0,0.0,1300.0,5.0,4.0,5.0,1035.0,0,0,1
8750.0,67.0,76569.0,86.0,0.0,1300.0,3.0,4.0,5.0,1020.0,0,0,1
8950.0,59.0,76162.0,110.0,0.0,1600.0,5.0,4.0,5.0,1075.0,0,0,1
8990.0,65.0,76155.0,110.0,0.0,1600.0,4.0,4.0,5.0,1035.0,0,0,1
8950.0,61.0,75609.0,86.0,0.0,1300.0,3.0,4.0,5.0,1015.0,0,0,1
8950.0,62.0,75569.0,72.0,0.0,1900.0,3.0,4.0,5.0,1120.0,0,1,0
9950.0,67.0,75429.0,110.0,0.0,1600.0,3.0,4.0,5.0,1065.0,0,0,1
9900.0,68.0,75000.0,110.0,0.0,1600.0,5.0,4.0,5.0,1075.0,0,0,1
8950.0,65.0,75000.0,86.0,0.0,1300.0,3.0,4.0,5.0,1015.0,0,0,1
8950.0,62.0,75000.0,110.0,0.0,1600.0,5.0,4.0,5.0,1070.0,0,0,1
9500.0,66.0,74963.0,107.0,0.0,1600.0,3.0,4.0,5.0,1085.0,0,0,1
7950.0,68.0,74889.0,86.0,0.0,1300.0,3.0,4.0,5.0,1015.0,0,0,1
7750.0,68.0,74875.0,110.0,0.0,1600.0,5.0,4.0,5.0,1070.0,0,0,1
8950.0,63.0,74747.0,110.0,0.0,1600.0,5.0,4.0,5.0,1075.0,0,0,1
11950.0,60.0,74720.0,110.0,0.0,1600.0,5.0,4.0,5.0,1085.0,0,0,1
8950.0,62.0,74457.0,110.0,0.0,1600.0,5.0,4.0,5.0,1075.0,0,0,1
11950.0,60.0,74337.0,86.0,0.0,1300.0,5.0,4.0,5.0,1035.0,0,0,1
8950.0,68.0,74308.0,110.0,0.0,1600.0,3.0,4.0,5.0,1050.0,0,0,1
9950.0,64.0,74193.0,110.0,0.0,1600.0,3.0,4.0,5.0,1050.0,0,0,1
8250.0,65.0,74179.0,110.0,0.0,1600.0,3.0,4.0,5.0,1050.0,0,0,1
8995.0,67.0,73936.0,86.0,0.0,1300.0,5.0,4.0,5.0,1050.0,0,0,1
9995.0,61.0,73894.0,110.0,0.0,1600.0,3.0,4.0,5.0,1065.0,0,0,1
9250.0,64.0,73500.0,110.0,0.0,1600.0,3.0,4.0,5.0,1050.0,0,0,1
10950.0,64.0,73376.0,110.0,0.0,1600.0,5.0,4.0,5.0,1070.0,0,0,1
8900.0,64.0,73300.0,86.0,0.0,1300.0,3.0,4.0,5.0,1015.0,0,0,1
9500.0,58.0,73172.0,110.0,0.0,1600.0,5.0,4.0,5.0,1075.0,0,0,1
9950.0,58.0,72928.0,110.0,0.0,1600.0,5.0,4.0,5.0,1075.0,0,0,1
7950.0,67.0,72880.0,86.0,0.0,1332.0,3.0,4.0,5.0,1015.0,0,0,1
8250.0,63.0,72522.0,110.0,0.0,1600.0,3.0,4.0,5.0,1050.0,0,0,1
9450.0,64.0,72000.0,86.0,0.0,1300.0,3.0,4.0,5.0,1015.0,0,0,1
7950.0,57.0,72000.0,86.0,0.0,1300.0,3.0,4.0,5.0,1015.0,0,0,1
9500.0,59.0,71366.0,110.0,0.0,1600.0,3.0,4.0,5.0,1065.0,0,0,1
8950.0,65.0,71317.0,110.0,0.0,1600.0,3.0,4.0,5.0,1050.0,0,0,1
10950.0,62.0,71000.0,110.0,0.0,1600.0,5.0,4.0,5.0,1070.0,0,0,1
8950.0,60.0,70954.0,110.0,0.0,1600.0,3.0,4.0,5.0,1050.0,0,0,1
9450.0,63.0,70908.0,86.0,0.0,1300.0,5.0,4.0,5.0,1035.0,0,0,1
8000.0,58.0,70560.0,110.0,0.0,1600.0,3.0,4.0,5.0,1050.0,0,0,1
9900.0,67.0,70552.0,110.0,0.0,1600.0,5.0,4.0,5.0,1075.0,0,0,1
8950.0,62.0,70500.0,110.0,0.0,1600.0,5.0,4.0,5.0,1035.0,0,0,1
10900.0,60.0,70453.0,72.0,0.0,1900.0,5.0,4.0,5.0,1135.0,0,1,0
9450.0,59.0,70218.0,110.0,0.0,1600.0,3.0,4.0,5.0,1050.0,0,0,1
8450.0,64.0,70116.0,110.0,0.0,1600.0,4.0,4.0,5.0,1035.0,0,0,1
9500.0,65.0,70068.0,110.0,0.0,1600.0,5.0,4.0,5.0,1075.0,0,0,1
10500.0,67.0,70000.0,107.0,0.0,1587.0,3.0,4.0,5.0,1065.0,0,0,1
6950.0,68.0,70000.0,86.0,0.0,1300.0,3.0,4.0,5.0,1015.0,0,0,1
9750.0,68.0,69103.0,110.0,0.0,1600.0,4.0,4.0,5.0,1035.0,0,0,1
6950.0,58.0,69022.0,86.0,0.0,1300.0,5.0,4.0,5.0,1035.0,0,0,1
9650.0,67.0,69000.0,110.0,0.0,1600.0,3.0,4.0,5.0,1065.0,0,0,1
9950.0,68.0,68865.0,110.0,0.0,1600.0,3.0,4.0,5.0,1065.0,0,0,1
9250.0,58.0,68723.0,86.0,0.0,1300.0,3.0,4.0,5.0,1025.0,0,0,1
8950.0,63.0,68453.0,110.0,0.0,1600.0,5.0,4.0,5.0,1070.0,0,0,1
9900.0,63.0,68238.0,86.0,0.0,1300.0,5.0,4.0,5.0,1050.0,0,0,1
10995.0,63.0,68153.0,110.0,0.0,1600.0,5.0,4.0,5.0,1085.0,0,0,1
10500.0,65.0,68000.0,110.0,0.0,1600.0,5.0,4.0,5.0,1075.0,0,0,1
8950.0,65.0,68000.0,86.0,0.0,1300.0,3.0,4.0,5.0,1015.0,0,0,1
9750.0,67.0,67762.0,110.0,0.0,1600.0,3.0,4.0,5.0,1065.0,0,0,1
10950.0,68.0,67146.0,110.0,0.0,1600.0,5.0,4.0,5.0,1075.0,0,0,1
9750.0,67.0,67110.0,86.0,0.0,1300.0,5.0,4.0,5.0,1035.0,0,0,1
9950.0,59.0,67010.0,110.0,0.0,1600.0,3.0,4.0,5.0,1065.0,0,0,1
10500.0,65.0,67003.0,110.0,0.0,1600.0,4.0,4.0,5.0,1035.0,0,0,1
10400.0,68.0,66785.0,86.0,0.0,1300.0,3.0,4.0,5.0,1045.0,0,0,1
8800.0,68.0,66550.0,86.0,0.0,1332.0,3.0,4.0,5.0,1010.0,0,0,1
10500.0,61.0,66259.0,110.0,0.0,1600.0,3.0,4.0,5.0,1065.0,0,0,1
9250.0,62.0,66082.0,110.0,0.0,1600.0,5.0,4.0,5.0,1070.0,0,0,1
7800.0,65.0,66000.0,86.0,0.0,1300.0,3.0,4.0,5.0,1015.0,0,0,1
9950.0,61.0,66000.0,110.0,0.0,1600.0,3.0,4.0,5.0,1050.0,0,0,1
10750.0,63.0,65896.0,110.0,0.0,1600.0,3.0,4.0,5.0,1065.0,0,0,1
10950.0,67.0,65785.0,110.0,0.0,1600.0,5.0,4.0,5.0,1075.0,0,0,1
9950.0,65.0,65513.0,110.0,0.0,1600.0,4.0,4.0,5.0,1070.0,0,0,1
9950.0,59.0,65463.0,110.0,0.0,1600.0,5.0,4.0,5.0,1070.0,0,0,1
8100.0,68.0,65400.0,86.0,0.0,1300.0,4.0,4.0,5.0,1000.0,0,0,1
9250.0,60.0,65259.0,110.0,0.0,1600.0,3.0,4.0,5.0,1050.0,0,0,1
7800.0,64.0,65000.0,110.0,0.0,1600.0,3.0,4.0,5.0,1050.0,0,0,1
9000.0,68.0,65000.0,110.0,0.0,1600.0,5.0,4.0,5.0,1070.0,0,0,1
8950.0,57.0,65000.0,110.0,0.0,1600.0,4.0,4.0,5.0,1035.0,0,0,1
8950.0,62.0,64966.0,86.0,0.0,1300.0,3.0,4.0,5.0,1020.0,0,0,1
9950.0,68.0,64950.0,110.0,0.0,1600.0,5.0,4.0,5.0,1075.0,0,0,1
8500.0,60.0,64914.0,110.0,0.0,1600.0,5.0,4.0,5.0,1070.0,0,0,1
7995.0,62.0,64797.0,110.0,0.0,1600.0,5.0,4.0,5.0,1075.0,0,0,1
8750.0,65.0,64772.0,110.0,0.0,1600.0,3.0,4.0,5.0,1050.0,0,0,1
9750.0,63.0,64690.0,86.0,0.0,1300.0,3.0,4.0,5.0,1020.0,0,0,1
10950.0,65.0,64630.0,110.0,0.0,1600.0,5.0,4.0,5.0,1070.0,0,0,1
9750.0,67.0,64613.0,110.0,0.0,1600.0,5.0,4.0,5.0,1085.0,0,0,1
8200.0,60.0,64383.0,86.0,0.0,1300.0,3.0,4.0,5.0,1015.0,0,0,1
8950.0,68.0,64000.0,110.0,0.0,1600.0,5.0,4.0,5.0,1075.0,0,0,1
9500.0,66.0,63881.0,86.0,0.0,1300.0,3.0,4.0,5.0,1015.0,0,0,1
10950.0,58.0,63870.0,72.0,0.0,1900.0,5.0,4.0,5.0,1135.0,0,1,0
9750.0,66.0,63328.0,86.0,0.0,1300.0,5.0,4.0,5.0,1065.0,0,0,1
9950.0,65.0,63000.0,86.0,0.0,1300.0,5.0,4.0,5.0,1065.0,0,0,1
10450.0,61.0,63000.0,86.0,0.0,1300.0,3.0,4.0,5.0,1050.0,0,0,1
9850.0,65.0,62396.0,110.0,0.0,1600.0,3.0,4.0,5.0,1050.0,0,0,1
9450.0,62.0,62377.0,110.0,0.0,1600.0,5.0,4.0,5.0,1075.0,0,0,1
10295.0,67.0,62316.0,110.0,0.0,1600.0,3.0,4.0,5.0,1050.0,0,0,1
9750.0,68.0,62292.0,110.0,0.0,1600.0,3.0,4.0,5.0,1065.0,0,0,1
8950.0,65.0,62225.0,110.0,0.0,1600.0,3.0,4.0,5.0,1050.0,0,0,1
9900.0,68.0,62222.0,110.0,0.0,1600.0,5.0,4.0,5.0,1075.0,0,0,1
8750.0,66.0,62135.0,86.0,0.0,1300.0,5.0,4.0,5.0,1035.0,0,0,1
9950.0,58.0,62024.0,110.0,0.0,1600.0,5.0,4.0,5.0,1075.0,0,0,1
8500.0,60.0,61977.0,86.0,0.0,1300.0,3.0,4.0,5.0,1015.0,0,0,1
9950.0,62.0,61930.0,110.0,0.0,1600.0,4.0,4.0,5.0,1035.0,0,0,1
10950.0,57.0,61682.0,110.0,0.0,1600.0,3.0,4.0,5.0,1050.0,0,0,1
9795.0,68.0,61568.0,110.0,0.0,1600.0,4.0,4.0,5.0,1035.0,0,0,1
8750.0,68.0,61504.0,110.0,0.0,1600.0,4.0,4.0,5.0,1035.0,0,0,1
8250.0,65.0,61384.0,110.0,0.0,1600.0,3.0,4.0,5.0,1050.0,0,0,1
9950.0,58.0,61343.0,110.0,0.0,1600.0,5.0,4.0,5.0,1075.0,0,0,1
9950.0,62.0,61254.0,110.0,0.0,1600.0,5.0,4.0,5.0,1075.0,0,0,1
10500.0,59.0,61166.0,110.0,0.0,1600.0,3.0,4.0,5.0,1050.0,0,0,1
9750.0,62.0,61149.0,86.0,0.0,1300.0,5.0,4.0,5.0,1040.0,0,0,1
11250.0,61.0,61144.0,110.0,0.0,1600.0,5.0,4.0,5.0,1090.0,0,0,1
8900.0,59.0,61127.0,110.0,0.0,1600.0,3.0,4.0,5.0,1050.0,0,0,1
7950.0,60.0,61100.0,86.0,0.0,1300.0,3.0,4.0,5.0,1015.0,0,0,1
11500.0,68.0,61100.0,110.0,0.0,1600.0,5.0,4.0,5.0,1075.0,0,0,1
9450.0,57.0,61000.0,110.0,0.0,1600.0,3.0,4.0,5.0,1050.0,0,0,1
7995.0,65.0,60724.0,86.0,0.0,1300.0,3.0,4.0,5.0,1015.0,0,0,1
10995.0,59.0,60708.0,86.0,0.0,1300.0,5.0,4.0,5.0,1045.0,0,0,1
8950.0,61.0,60532.0,110.0,0.0,1600.0,3.0,4.0,5.0,1050.0,0,0,1
8250.0,67.0,60000.0,86.0,0.0,1300.0,4.0,4.0,5.0,1030.0,0,0,1
8950.0,66.0,60000.0,86.0,0.0,1300.0,3.0,4.0,5.0,1015.0,0,0,1
8950.0,65.0,60000.0,86.0,0.0,1300.0,3.0,4.0,5.0,1015.0,0,0,1
9500.0,62.0,59295.0,86.0,0.0,1300.0,5.0,4.0,5.0,1035.0,0,0,1
7500.0,65.0,59264.0,86.0,0.0,1300.0,3.0,4.0,5.0,1015.0,0,0,1
8950.0,63.0,59000.0,110.0,0.0,1600.0,3.0,4.0,5.0,1050.0,0,0,1
9950.0,63.0,59000.0,86.0,0.0,1300.0,5.0,4.0,5.0,1035.0,0,0,1
9750.0,65.0,59000.0,110.0,0.0,1600.0,5.0,4.0,5.0,1075.0,0,0,1
9450.0,61.0,59000.0,110.0,0.0,1600.0,5.0,4.0,5.0,1070.0,0,0,1
9950.0,65.0,59000.0,110.0,0.0,1600.0,3.0,4.0,5.0,1050.0,0,0,1
9750.0,68.0,58860.0,110.0,0.0,1600.0,3.0,4.0,5.0,1055.0,0,0,1
8950.0,65.0,58829.0,110.0,0.0,1600.0,3.0,4.0,5.0,1050.0,0,0,1
8250.0,66.0,58654.0,110.0,0.0,1600.0,5.0,4.0,5.0,1070.0,0,0,1
7750.0,65.0,58300.0,86.0,0.0,1300.0,3.0,4.0,5.0,1015.0,0,0,1
8950.0,60.0,58269.0,110.0,0.0,1600.0,3.0,4.0,5.0,1050.0,0,0,1
9950.0,64.0,58136.0,110.0,0.0,1600.0,5.0,4.0,5.0,1075.0,0,0,1
9450.0,66.0,58113.0,107.0,0.0,1600.0,3.0,4.0,5.0,1085.0,0,0,1
12950.0,67.0,58058.0,110.0,0.0,1600.0,3.0,4.0,5.0,1065.0,0,0,1
9950.0,58.0,58000.0,110.0,0.0,1600.0,3.0,4.0,5.0,1050.0,0,0,1
10495.0,62.0,58000.0,110.0,0.0,1600.0,3.0,4.0,5.0,1065.0,0,0,1
7950.0,68.0,57565.0,86.0,0.0,1300.0,5.0,4.0,5.0,1035.0,0,0,1
10500.0,63.0,57413.0,107.0,0.0,1600.0,5.0,4.0,5.0,1115.0,0,0,1
8950.0,65.0,57374.0,110.0,0.0,1600.0,5.0,4.0,5.0,1075.0,0,0,1
9900.0,62.0,57179.0,110.0,0.0,1600.0,5.0,4.0,5.0,1075.0,0,0,1
9995.0,61.0,57169.0,110.0,0.0,1600.0,3.0,4.0,5.0,1065.0,0,0,1
9950.0,63.0,57124.0,110.0,0.0,1600.0,3.0,4.0,5.0,1065.0,0,0,1
9950.0,63.0,57000.0,110.0,0.0,1600.0,3.0,4.0,5.0,1050.0,0,0,1
8250.0,67.0,57000.0,110.0,0.0,1600.0,3.0,4.0,5.0,1050.0,0,0,1
9950.0,63.0,57000.0,86.0,0.0,1300.0,5.0,4.0,5.0,1035.0,0,0,1
8950.0,59.0,56259.0,86.0,0.0,1300.0,3.0,4.0,5.0,1015.0,0,0,1
10950.0,62.0,56209.0,107.0,0.0,1600.0,3.0,4.0,5.0,1080.0,0,0,1
9250.0,67.0,56074.0,86.0,0.0,1300.0,4.0,4.0,5.0,1000.0,0,0,1
9950.0,63.0,55942.0,110.0,0.0,1600.0,5.0,4.0,5.0,1070.0,0,0,1
9995.0,57.0,55844.0,86.0,0.0,1300.0,5.0,4.0,5.0,1045.0,0,0,1
8750.0,61.0,55747.0,86.0,0.0,1300.0,3.0,4.0,5.0,1020.0,0,0,1
10950.0,58.0,55478.0,86.0,0.0,1300.0,5.0,4.0,5.0,1045.0,0,0,1
10350.0,60.0,55085.0,107.0,0.0,1600.0,5.0,4.0,5.0,1105.0,0,0,1
9950.0,65.0,55061.0,110.0,0.0,1600.0,5.0,4.0,5.0,1070.0,0,0,1
8950.0,65.0,55000.0,86.0,0.0,1300.0,3.0,4.0,5.0,1015.0,0,0,1
10950.0,57.0,55000.0,110.0,0.0,1600.0,5.0,4.0,5.0,1075.0,0,0,1
10950.0,63.0,54936.0,110.0,0.0,1600.0,5.0,4.0,5.0,1075.0,0,0,1
8950.0,68.0,54875.0,110.0,0.0,1600.0,5.0,4.0,5.0,1070.0,0,0,1
8900.0,67.0,54847.0,110.0,0.0,1600.0,3.0,4.0,5.0,1050.0,0,0,1
10250.0,60.0,54554.0,110.0,0.0,1600.0,3.0,4.0,5.0,1065.0,0,0,1
9450.0,61.0,54125.0,110.0,0.0,1600.0,5.0,4.0,5.0,1035.0,0,0,1
9250.0,61.0,54000.0,110.0,0.0,1600.0,3.0,4.0,5.0,1055.0,0,0,1
10500.0,57.0,54000.0,110.0,0.0,1600.0,5.0,4.0,5.0,1075.0,0,0,1
7350.0,58.0,54000.0,86.0,0.0,1300.0,5.0,4.0,5.0,1035.0,0,0,1
10250.0,57.0,54000.0,110.0,0.0,1600.0,3.0,4.0,5.0,1135.0,0,0,1
10250.0,62.0,53285.0,110.0,0.0,1600.0,5.0,4.0,5.0,1075.0,0,0,1
11500.0,65.0,53053.0,110.0,0.0,1600.0,5.0,4.0,5.0,1075.0,0,0,1
8950.0,68.0,53000.0,110.0,0.0,1587.0,3.0,4.0,5.0,1075.0,0,0,1
7750.0,68.0,53000.0,86.0,0.0,1300.0,3.0,4.0,5.0,1015.0,0,0,1
9500.0,64.0,52968.0,110.0,0.0,1600.0,3.0,4.0,5.0,1050.0,0,0,1
8450.0,67.0,52800.0,86.0,0.0,1300.0,3.0,4.0,5.0,1015.0,0,0,1
8950.0,57.0,52548.0,110.0,0.0,1600.0,3.0,4.0,5.0,1050.0,0,0,1
8400.0,60.0,52487.0,110.0,0.0,1600.0,4.0,4.0,5.0,1035.0,0,0,1
9250.0,66.0,52383.0,86.0,0.0,1300.0,3.0,4.0,5.0,1015.0,0,0,1
8900.0,61.0,52112.0,110.0,0.0,1600.0,4.0,4.0,5.0,1035.0,0,0,1
8750.0,58.0,51712.0,110.0,0.0,1600.0,3.0,4.0,5.0,1050.0,0,0,1
10950.0,58.0,51421.0,110.0,0.0,1600.0,5.0,4.0,5.0,1105.0,0,0,1
8950.0,61.0,51235.0,86.0,0.0,1300.0,4.0,4.0,5.0,1000.0,0,0,1
8950.0,65.0,51000.0,86.0,0.0,1300.0,3.0,4.0,5.0,1015.0,0,0,1
8895.0,61.0,50925.0,110.0,0.0,1600.0,5.0,4.0,5.0,1070.0,0,0,1
9390.0,66.0,50806.0,86.0,0.0,1300.0,3.0,4.0,5.0,1152.5,0,0,1
8750.0,59.0,50469.0,110.0,0.0,1600.0,5.0,4.0,5.0,1070.0,0,0,1
9750.0,61.0,50173.0,110.0,0.0,1600.0,5.0,4.0,5.0,1075.0,0,0,1
9950.0,62.0,50000.0,110.0,0.0,1600.0,5.0,4.0,5.0,1075.0,0,0,1
10950.0,65.0,49942.0,110.0,0.0,1600.0,3.0,4.0,5.0,1065.0,0,0,1
9900.0,67.0,49585.0,110.0,0.0,1600.0,5.0,4.0,5.0,1085.0,0,0,1
9500.0,62.0,49258.0,110.0,0.0,1600.0,4.0,4.0,5.0,1035.0,0,0,1
9950.0,61.0,49000.0,110.0,0.0,1600.0,3.0,4.0,5.0,1050.0,0,0,1
9950.0,63.0,48738.0,110.0,0.0,1600.0,5.0,4.0,5.0,1055.0,0,0,1
10500.0,62.0,47750.0,86.0,0.0,1300.0,5.0,4.0,5.0,1040.0,0,0,1
9950.0,63.0,47612.0,86.0,0.0,1300.0,3.0,4.0,5.0,1015.0,0,0,1
10495.0,68.0,47500.0,86.0,0.0,1300.0,5.0,4.0,5.0,1035.0,0,0,1
9500.0,66.0,47237.0,110.0,0.0,1600.0,3.0,4.0,5.0,1050.0,0,0,1
8500.0,58.0,47171.0,86.0,0.0,1300.0,3.0,4.0,5.0,1015.0,0,0,1
10450.0,60.0,47060.0,110.0,0.0,1600.0,4.0,4.0,5.0,1035.0,0,0,1
8950.0,65.0,47014.0,86.0,0.0,1300.0,3.0,4.0,5.0,1015.0,0,0,1
9900.0,59.0,46929.0,86.0,0.0,1300.0,3.0,4.0,5.0,1025.0,0,0,1
8900.0,63.0,46000.0,86.0,0.0,1300.0,5.0,4.0,5.0,1035.0,0,0,1
8745.0,65.0,45681.0,110.0,0.0,1600.0,3.0,4.0,5.0,1050.0,0,0,1
8750.0,65.0,45549.0,86.0,0.0,1300.0,3.0,4.0,5.0,1015.0,0,0,1
10750.0,57.0,45000.0,110.0,0.0,1600.0,5.0,4.0,5.0,1050.0,0,0,1
9750.0,57.0,45000.0,110.0,0.0,1600.0,3.0,4.0,5.0,1050.0,0,0,1
8850.0,65.0,45000.0,110.0,0.0,1600.0,5.0,4.0,5.0,1075.0,0,0,1
7950.0,66.0,45000.0,86.0,0.0,1300.0,5.0,4.0,5.0,1035.0,0,0,1
9450.0,63.0,45000.0,110.0,0.0,1600.0,4.0,4.0,5.0,1035.0,0,0,1
9950.0,61.0,45000.0,107.0,0.0,1600.0,3.0,4.0,5.0,1085.0,0,0,1
8250.0,63.0,44944.0,110.0,0.0,1600.0,4.0,4.0,5.0,1035.0,0,0,1
9950.0,61.0,44597.0,86.0,0.0,1300.0,3.0,4.0,5.0,1015.0,0,0,1
9995.0,68.0,44458.0,86.0,0.0,1300.0,3.0,4.0,5.0,1015.0,0,0,1
9950.0,59.0,43818.0,110.0,0.0,1600.0,5.0,4.0,5.0,1070.0,0,0,1
10495.0,60.0,43426.0,110.0,0.0,1600.0,5.0,4.0,5.0,1070.0,0,0,1
7950.0,58.0,43000.0,110.0,0.0,1600.0,4.0,4.0,5.0,1114.0,1,0,0
8950.0,68.0,43000.0,110.0,0.0,1600.0,5.0,4.0,5.0,1035.0,0,0,1
9695.0,57.0,43000.0,110.0,0.0,1600.0,5.0,4.0,5.0,1075.0,0,0,1
7750.0,64.0,43000.0,86.0,0.0,1300.0,3.0,4.0,5.0,1015.0,0,0,1
9950.0,68.0,42750.0,110.0,0.0,1600.0,3.0,4.0,5.0,1050.0,0,0,1
9950.0,67.0,42102.0,110.0,0.0,1600.0,5.0,4.0,5.0,1075.0,0,0,1
9950.0,63.0,41586.0,110.0,0.0,1600.0,5.0,4.0,5.0,1114.0,0,0,1
9900.0,64.0,41200.0,110.0,0.0,1600.0,5.0,4.0,5.0,1070.0,0,0,1
10950.0,57.0,40214.0,86.0,0.0,1300.0,3.0,4.0,5.0,1025.0,0,0,1
8950.0,60.0,40000.0,86.0,0.0,1300.0,4.0,4.0,5.0,1000.0,0,0,1
8950.0,66.0,39222.0,86.0,0.0,1300.0,3.0,4.0,5.0,1045.0,0,0,1
8250.0,66.0,39144.0,110.0,0.0,1600.0,3.0,4.0,5.0,1050.0,0,0,1
10250.0,62.0,39000.0,110.0,0.0,1600.0,5.0,4.0,5.0,1075.0,0,0,1
8750.0,61.0,38019.0,110.0,0.0,1600.0,5.0,4.0,5.0,1070.0,0,0,1
9750.0,68.0,37759.0,110.0,0.0,1600.0,5.0,4.0,5.0,1070.0,0,0,1
10950.0,61.0,37500.0,110.0,0.0,1600.0,5.0,4.0,5.0,1085.0,0,0,1
10950.0,60.0,37111.0,110.0,0.0,1600.0,3.0,4.0,5.0,1050.0,0,0,1
9750.0,62.0,37000.0,86.0,0.0,1300.0,3.0,4.0,5.0,1015.0,0,0,1
8900.0,59.0,36954.0,110.0,0.0,1600.0,3.0,4.0,5.0,1050.0,0,0,1
9500.0,60.0,36943.0,110.0,0.0,1600.0,5.0,4.0,5.0,1070.0,0,0,1
9950.0,63.0,36923.0,86.0,0.0,1300.0,5.0,4.0,5.0,1050.0,0,0,1
9950.0,66.0,36658.0,110.0,0.0,1600.0,3.0,4.0,5.0,1050.0,0,0,1
8250.0,65.0,36000.0,86.0,0.0,1300.0,3.0,4.0,5.0,1015.0,0,0,1
10450.0,65.0,36000.0,110.0,0.0,1600.0,3.0,4.0,5.0,1065.0,0,0,1
10950.0,62.0,35512.0,110.0,0.0,1600.0,3.0,4.0,5.0,1065.0,0,0,1
9250.0,65.0,35283.0,86.0,0.0,1300.0,3.0,4.0,5.0,1015.0,0,0,1
8900.0,68.0,35000.0,110.0,0.0,1600.0,3.0,4.0,5.0,1050.0,0,0,1
10900.0,57.0,35000.0,86.0,0.0,1300.0,5.0,4.0,5.0,1045.0,0,0,1
9750.0,64.0,34114.0,110.0,0.0,1600.0,3.0,4.0,5.0,1050.0,0,0,1
11950.0,58.0,34000.0,110.0,0.0,1600.0,5.0,4.0,5.0,1075.0,0,0,1
7900.0,68.0,33847.0,86.0,0.0,1300.0,4.0,4.0,5.0,1000.0,0,0,1
10900.0,57.0,33535.0,110.0,0.0,1600.0,4.0,4.0,5.0,1035.0,0,0,1
10450.0,65.0,33000.0,110.0,0.0,1600.0,3.0,4.0,5.0,1050.0,0,0,1
10950.0,59.0,32150.0,110.0,0.0,1600.0,5.0,4.0,5.0,1085.0,0,0,1
9950.0,65.0,31588.0,86.0,0.0,1300.0,3.0,4.0,5.0,1015.0,0,0,1
10750.0,60.0,31480.0,110.0,0.0,1600.0,3.0,4.0,5.0,1065.0,0,0,1
9900.0,57.0,31307.0,110.0,0.0,1600.0,5.0,4.0,5.0,1070.0,0,0,1
10750.0,68.0,31000.0,110.0,0.0,1600.0,4.0,4.0,5.0,1035.0,0,0,1
10450.0,58.0,30634.0,110.0,0.0,1600.0,5.0,4.0,5.0,1075.0,0,0,1
9450.0,68.0,30300.0,86.0,0.0,1300.0,4.0,4.0,5.0,1000.0,0,0,1
10750.0,60.0,28500.0,86.0,0.0,1300.0,3.0,4.0,5.0,1045.0,0,0,1
10950.0,60.0,28500.0,110.0,0.0,1600.0,5.0,4.0,5.0,1075.0,0,0,1
10000.0,57.0,28000.0,86.0,0.0,1300.0,3.0,4.0,5.0,1015.0,0,0,1
10500.0,68.0,26698.0,110.0,0.0,1600.0,3.0,4.0,5.0,1055.0,0,0,1
12500.0,62.0,26000.0,107.0,0.0,1600.0,3.0,4.0,5.0,1085.0,0,0,1
8950.0,62.0,25505.0,86.0,0.0,1300.0,5.0,4.0,5.0,1035.0,0,0,1
10500.0,58.0,25000.0,110.0,0.0,1600.0,5.0,4.0,5.0,1075.0,0,0,1
9245.0,66.0,22835.0,110.0,0.0,1600.0,3.0,4.0,5.0,1050.0,0,0,1
10950.0,59.0,22705.0,110.0,0.0,1600.0,5.0,4.0,5.0,1075.0,0,0,1
9500.0,63.0,22178.0,86.0,0.0,1300.0,3.0,4.0,5.0,1015.0,0,0,1
10900.0,62.0,17345.0,110.0,0.0,1600.0,3.0,4.0,5.0,1050.0,0,0,1
10950.0,67.0,15535.0,86.0,0.0,1300.0,4.0,4.0,5.0,1030.0,0,0,1
9450.0,66.0,15110.0,86.0,0.0,1300.0,5.0,4.0,5.0,1035.0,0,0,1
5900.0,73.0,153051.875,72.0,0.0,1900.0,5.0,4.0,5.0,1152.5,0,1,0
6950.0,79.0,153051.875,72.0,0.0,1900.0,5.0,4.0,5.0,1150.0,0,1,0
6000.0,78.0,153051.875,72.0,0.0,1900.0,5.0,4.0,5.0,1135.0,0,1,0
5250.0,79.0,153051.875,110.0,0.0,1600.0,5.0,4.0,5.0,1114.0,1,0,0
4400.0,74.0,153051.875,72.0,0.0,1900.0,3.0,4.0,5.0,1135.0,0,1,0
6750.0,77.0,153051.875,72.0,0.0,1900.0,4.0,4.0,5.0,1100.0,0,1,0
8500.0,69.0,153051.875,72.0,0.0,1900.0,5.0,4.0,5.0,1135.0,0,1,0
6150.0,80.0,153051.875,72.0,0.0,1900.0,3.0,4.0,5.0,1120.0,0,1,0
6950.0,76.0,153051.875,72.0,0.0,1900.0,5.0,4.0,5.0,1150.0,0,1,0
5750.0,76.0,153051.875,72.0,0.0,1900.0,3.0,4.0,5.0,1115.0,0,1,0
8750.0,78.0,153051.875,72.0,0.0,1900.0,4.0,4.0,5.0,1100.0,0,1,0
6500.0,70.0,153051.875,72.0,0.0,1900.0,3.0,4.0,5.0,1115.0,0,1,0
5950.0,73.0,153051.875,110.0,0.0,1600.0,5.0,4.0,5.0,1075.0,0,0,1
6500.0,78.0,153051.875,86.0,0.0,1300.0,5.0,4.0,5.0,1035.0,0,0,1
10500.0,77.0,153051.875,72.0,0.0,1900.0,5.0,4.0,5.0,1135.0,0,1,0
8500.0,77.0,153051.875,72.0,0.0,1900.0,4.0,4.0,5.0,1100.0,0,1,0
7950.0,71.0,153051.875,110.0,0.0,1600.0,3.0,4.0,5.0,1050.0,0,0,1
5800.0,78.0,153051.875,86.0,0.0,1300.0,3.0,4.0,5.0,1015.0,0,0,1
6750.0,80.0,153051.875,86.0,0.0,1300.0,3.0,4.0,5.0,1015.0,0,0,1
6950.0,78.0,153051.875,72.0,0.0,1900.0,3.0,4.0,5.0,1115.0,0,1,0
5740.0,74.0,153051.875,110.0,0.0,1600.0,3.0,4.0,5.0,1050.0,0,0,1
6550.0,73.0,153051.875,86.0,0.0,1300.0,3.0,4.0,5.0,1015.0,0,0,1
8950.0,69.0,153051.875,72.0,0.0,1900.0,3.0,4.0,5.0,1115.0,0,1,0
6750.0,73.0,153051.875,86.0,0.0,1300.0,5.0,4.0,5.0,1035.0,0,0,1
7950.0,78.0,153051.875,110.0,0.0,1600.0,3.0,4.0,5.0,1050.0,0,0,1
7950.0,69.0,153051.875,72.0,0.0,1900.0,3.0,4.0,5.0,1115.0,0,1,0
7450.0,76.0,153051.875,72.0,0.0,1900.0,5.0,4.0,5.0,1140.0,0,1,0
7750.0,70.0,151300.0,72.0,0.0,1900.0,5.0,4.0,5.0,1150.0,0,1,0
6450.0,71.0,151000.0,110.0,0.0,1600.0,5.0,4.0,5.0,1094.0,1,0,0
7900.0,75.0,150000.0,72.0,0.0,1900.0,3.0,4.0,5.0,1135.0,0,1,0
6900.0,69.0,146304.0,72.0,0.0,1900.0,3.0,4.0,5.0,1115.0,0,1,0
5600.0,75.0,146197.0,86.0,0.0,1300.0,3.0,4.0,5.0,1015.0,0,0,1
5950.0,77.0,145996.0,110.0,0.0,1600.0,4.0,4.0,5.0,1035.0,0,0,1
6950.0,80.0,143560.0,86.0,0.0,1300.0,3.0,4.0,5.0,1045.0,0,0,1
7950.0,71.0,139145.0,73.0,0.0,1900.0,2.0,4.0,5.0,1115.0,0,1,0
8950.0,79.0,138500.0,86.0,0.0,1300.0,5.0,4.0,5.0,1050.0,0,0,1
7950.0,74.0,137741.0,90.0,0.0,1900.0,5.0,4.0,5.0,1135.0,0,1,0
9500.0,80.0,137178.0,90.0,0.0,1900.0,5.0,4.0,5.0,1135.0,0,1,0
8600.0,76.0,134889.0,72.0,0.0,1900.0,3.0,4.0,5.0,1115.0,0,1,0
5950.0,71.0,134660.0,72.0,0.0,1900.0,5.0,4.0,5.0,1135.0,0,1,0
7750.0,73.0,134539.0,110.0,0.0,1600.0,5.0,4.0,5.0,1070.0,0,0,1
7950.0,79.0,131500.0,72.0,0.0,1900.0,5.0,4.0,5.0,1140.0,0,1,0
6950.0,77.0,131307.0,110.0,0.0,1600.0,3.0,4.0,5.0,1050.0,0,0,1
7250.0,74.0,130025.0,110.0,0.0,1600.0,3.0,4.0,5.0,1050.0,0,0,1
6500.0,78.0,130000.0,86.0,0.0,1300.0,5.0,4.0,5.0,1015.0,0,0,1
7250.0,77.0,128960.0,110.0,0.0,1600.0,5.0,4.0,5.0,1070.0,0,0,1
9250.0,80.0,128351.0,110.0,0.0,1600.0,5.0,4.0,5.0,1070.0,0,0,1
8250.0,73.0,128006.0,110.0,0.0,1600.0,3.0,4.0,5.0,1050.0,0,0,1
7250.0,71.0,127159.0,72.0,0.0,1900.0,3.0,4.0,5.0,1115.0,0,1,0
5250.0,72.0,126478.0,110.0,0.0,1600.0,4.0,4.0,5.0,1035.0,0,0,1
7900.0,77.0,126000.0,110.0,0.0,1600.0,5.0,4.0,5.0,1050.0,0,0,1
6900.0,76.0,125778.0,110.0,0.0,1600.0,3.0,4.0,5.0,1050.0,0,0,1
7900.0,75.0,125400.0,110.0,0.0,1600.0,3.0,4.0,5.0,1050.0,0,0,1
7250.0,74.0,124910.0,72.0,0.0,1900.0,5.0,4.0,5.0,1135.0,0,1,0
8450.0,70.0,124743.0,110.0,0.0,1600.0,3.0,4.0,5.0,1050.0,0,0,1
7950.0,76.0,124591.0,110.0,0.0,1600.0,5.0,4.0,5.0,1075.0,0,0,1
7950.0,74.0,124057.0,110.0,0.0,1600.0,3.0,4.0,5.0,1050.0,0,0,1
6450.0,72.0,123403.0,110.0,0.0,1600.0,3.0,4.0,5.0,1050.0,0,0,1
6650.0,75.0,123104.0,110.0,0.0,1600.0,5.0,4.0,5.0,1070.0,0,0,1
7950.0,74.0,123077.0,86.0,0.0,1300.0,3.0,4.0,5.0,1015.0,0,0,1
7250.0,80.0,122820.0,86.0,0.0,1300.0,5.0,4.0,5.0,1040.0,0,0,1
7450.0,77.0,122290.0,110.0,0.0,1600.0,3.0,4.0,5.0,1050.0,0,0,1
7950.0,74.0,121900.0,110.0,0.0,1600.0,4.0,4.0,5.0,1035.0,0,0,1
7250.0,77.0,121545.0,110.0,0.0,1600.0,5.0,4.0,5.0,1070.0,0,0,1
8250.0,71.0,120474.0,72.0,0.0,1900.0,3.0,4.0,5.0,1115.0,0,1,0
8950.0,76.0,120263.0,72.0,0.0,1900.0,5.0,4.0,5.0,1135.0,0,1,0
7750.0,74.0,120196.0,110.0,0.0,1600.0,3.0,4.0,5.0,1050.0,0,0,1
8500.0,71.0,120000.0,110.0,0.0,1600.0,5.0,4.0,5.0,1085.0,0,0,1
7750.0,78.0,120000.0,110.0,0.0,1600.0,5.0,4.0,5.0,1075.0,0,0,1
5750.0,73.0,115877.0,110.0,0.0,1600.0,4.0,4.0,5.0,1035.0,0,0,1
6900.0,76.0,115345.0,110.0,0.0,1600.0,5.0,4.0,5.0,1070.0,0,0,1
6500.0,71.0,115157.0,110.0,0.0,1600.0,3.0,4.0,5.0,1050.0,0,0,1
6500.0,78.0,115000.0,107.0,0.0,1600.0,5.0,4.0,5.0,1100.0,0,0,1
7600.0,77.0,114258.0,86.0,0.0,1300.0,5.0,4.0,5.0,1050.0,0,0,1
8950.0,73.0,112963.0,72.0,0.0,1900.0,5.0,4.0,5.0,1135.0,0,1,0
7450.0,74.0,112307.0,110.0,0.0,1600.0,5.0,4.0,5.0,1070.0,0,0,1
7350.0,72.0,112000.0,86.0,0.0,1300.0,3.0,4.0,5.0,1015.0,0,0,1
7750.0,73.0,111602.0,86.0,0.0,1300.0,3.0,4.0,5.0,1015.0,0,0,1
7460.0,80.0,111392.0,110.0,0.0,1598.0,3.0,4.0,5.0,1083.0,1,0,0
9250.0,76.0,110901.0,110.0,0.0,1600.0,5.0,4.0,5.0,1085.0,0,0,1
7250.0,80.0,110887.0,110.0,0.0,1600.0,3.0,4.0,5.0,1055.0,0,0,1
6500.0,72.0,110634.0,86.0,0.0,1300.0,3.0,4.0,5.0,1015.0,0,0,1
6800.0,80.0,110000.0,110.0,0.0,1600.0,4.0,4.0,5.0,1035.0,0,0,1
8700.0,75.0,109540.0,110.0,0.0,1600.0,5.0,4.0,5.0,1085.0,0,0,1
7500.0,78.0,109263.0,110.0,0.0,1600.0,5.0,4.0,5.0,1070.0,0,0,1
7750.0,71.0,107516.0,110.0,0.0,1600.0,3.0,4.0,5.0,1050.0,0,0,1
7950.0,73.0,107108.0,110.0,0.0,1600.0,3.0,4.0,5.0,1050.0,0,0,1
9950.0,75.0,107000.0,110.0,0.0,1600.0,3.0,4.0,5.0,1050.0,0,0,1
6640.0,74.0,106250.0,110.0,0.0,1600.0,5.0,4.0,5.0,1070.0,0,0,1
8750.0,71.0,106150.0,86.0,0.0,1300.0,3.0,4.0,5.0,1015.0,0,0,1
7750.0,72.0,106108.0,110.0,0.0,1600.0,3.0,4.0,5.0,1050.0,0,0,1
5950.0,72.0,105856.0,86.0,0.0,1300.0,3.0,4.0,5.0,1015.0,0,0,1
6750.0,77.0,105152.0,86.0,0.0,1300.0,3.0,4.0,5.0,1015.0,0,0,1
6500.0,80.0,105135.0,110.0,0.0,1600.0,3.0,4.0,5.0,1050.0,0,0,1
8750.0,76.0,104344.0,110.0,0.0,1600.0,3.0,4.0,5.0,1050.0,0,0,1
7950.0,74.0,104150.0,110.0,0.0,1600.0,3.0,4.0,5.0,1050.0,0,0,1
6750.0,74.0,104000.0,86.0,0.0,1300.0,3.0,4.0,5.0,1010.0,0,0,1
7950.0,73.0,103121.0,86.0,0.0,1300.0,5.0,4.0,5.0,1035.0,0,0,1
7950.0,80.0,102300.0,86.0,0.0,1300.0,3.0,4.0,5.0,1015.0,0,0,1
8950.0,75.0,102005.0,107.0,0.0,1600.0,5.0,4.0,5.0,1105.0,0,0,1
7750.0,77.0,102000.0,86.0,0.0,1300.0,3.0,4.0,5.0,1015.0,0,0,1
6450.0,75.0,101855.0,110.0,0.0,1600.0,5.0,4.0,5.0,1070.0,0,0,1
6900.0,74.0,101773.0,110.0,0.0,1600.0,3.0,4.0,5.0,1050.0,0,0,1
8450.0,75.0,101159.0,110.0,0.0,1600.0,5.0,4.0,5.0,1085.0,0,0,1
6750.0,74.0,101000.0,86.0,0.0,1300.0,3.0,4.0,5.0,1015.0,0,0,1
8050.0,74.0,100732.0,86.0,0.0,1300.0,4.0,4.0,5.0,1030.0,0,0,1
9500.0,79.0,100719.0,110.0,0.0,1600.0,5.0,4.0,5.0,1070.0,0,0,1
7750.0,78.0,100487.0,110.0,0.0,1600.0,4.0,4.0,5.0,1035.0,0,0,1
8500.0,80.0,100458.0,110.0,0.0,1600.0,5.0,4.0,5.0,1085.0,0,0,1
7795.0,75.0,100192.0,110.0,0.0,1600.0,3.0,4.0,5.0,1050.0,0,0,1
6490.0,80.0,100123.0,110.0,0.0,1600.0,3.0,4.0,5.0,1050.0,0,0,1
7950.0,73.0,99971.0,110.0,0.0,1600.0,3.0,4.0,5.0,1050.0,0,0,1
6425.0,79.0,99397.0,86.0,0.0,1300.0,5.0,4.0,5.0,1035.0,0,0,1
8950.0,69.0,99374.0,86.0,0.0,1300.0,5.0,4.0,5.0,1035.0,0,0,1
6950.0,72.0,99245.0,110.0,0.0,1600.0,5.0,4.0,5.0,1114.0,0,0,1
8750.0,79.0,98742.0,110.0,0.0,1600.0,5.0,4.0,5.0,1085.0,0,0,1
8450.0,71.0,98154.0,110.0,0.0,1600.0,3.0,4.0,5.0,1050.0,0,0,1
7950.0,77.0,98000.0,110.0,0.0,1600.0,5.0,4.0,5.0,1065.0,0,0,1
7950.0,80.0,97548.0,86.0,0.0,1300.0,5.0,4.0,5.0,1035.0,0,0,1
8900.0,78.0,97534.0,110.0,0.0,1600.0,5.0,4.0,5.0,1070.0,0,0,1
8950.0,73.0,97494.0,110.0,0.0,1600.0,5.0,4.0,5.0,1085.0,0,0,1
8900.0,73.0,97085.0,110.0,0.0,1600.0,5.0,4.0,5.0,1085.0,0,0,1
7950.0,69.0,97000.0,110.0,0.0,1600.0,4.0,4.0,5.0,1035.0,0,0,1
6495.0,74.0,96302.0,86.0,0.0,1300.0,3.0,4.0,5.0,1015.0,0,0,1
7250.0,78.0,96000.0,86.0,0.0,1300.0,3.0,4.0,5.0,1015.0,0,0,1
9250.0,74.0,96000.0,110.0,0.0,1600.0,5.0,4.0,5.0,1085.0,0,0,1
6650.0,78.0,95909.0,110.0,0.0,1600.0,5.0,4.0,5.0,1070.0,0,0,1
6990.0,79.0,95700.0,110.0,0.0,1600.0,5.0,4.0,5.0,1085.0,0,0,1
7750.0,78.0,95651.0,110.0,0.0,1600.0,5.0,4.0,5.0,1070.0,0,0,1
6950.0,79.0,95000.0,86.0,0.0,1300.0,5.0,4.0,5.0,1035.0,0,0,1
7250.0,80.0,94447.0,110.0,0.0,1600.0,3.0,4.0,5.0,1050.0,0,0,1
9950.0,80.0,94079.0,110.0,0.0,1600.0,5.0,4.0,5.0,1085.0,0,0,1
9250.0,80.0,93841.0,110.0,0.0,1600.0,5.0,4.0,5.0,1070.0,0,0,1
7200.0,79.0,93090.0,86.0,0.0,1300.0,5.0,4.0,5.0,1035.0,0,0,1
8250.0,72.0,93066.0,110.0,0.0,1600.0,5.0,4.0,5.0,1075.0,0,0,1
8950.0,79.0,93039.0,110.0,0.0,1600.0,3.0,4.0,5.0,1050.0,0,0,1
8250.0,77.0,93000.0,110.0,0.0,1600.0,5.0,4.0,5.0,1075.0,0,0,1
6250.0,80.0,92830.0,86.0,0.0,1300.0,3.0,4.0,5.0,1015.0,0,0,1
9900.0,80.0,92255.0,107.0,0.0,1600.0,5.0,4.0,5.0,1105.0,0,0,1
7300.0,80.0,92096.0,86.0,0.0,1300.0,5.0,4.0,5.0,1035.0,0,0,1
8950.0,72.0,91921.0,86.0,0.0,1300.0,3.0,4.0,5.0,1020.0,0,0,1
6500.0,70.0,91900.0,86.0,0.0,1300.0,3.0,4.0,5.0,1015.0,0,0,1
7950.0,78.0,91399.0,110.0,0.0,1600.0,5.0,4.0,5.0,1070.0,0,0,1
7450.0,75.0,91082.0,110.0,0.0,1600.0,3.0,4.0,5.0,1050.0,0,0,1
7950.0,71.0,90370.0,86.0,0.0,1300.0,5.0,4.0,5.0,1035.0,0,0,1
8500.0,78.0,90345.0,86.0,0.0,1300.0,5.0,4.0,5.0,1035.0,0,0,1
6950.0,77.0,90305.0,86.0,0.0,1300.0,3.0,4.0,5.0,1015.0,0,0,1
7950.0,78.0,90011.0,86.0,0.0,1300.0,3.0,4.0,5.0,1045.0,0,0,1
6750.0,77.0,90000.0,86.0,0.0,1300.0,3.0,4.0,5.0,1015.0,0,0,1
8450.0,70.0,89983.0,110.0,0.0,1600.0,3.0,4.0,5.0,1055.0,0,0,1
7500.0,78.0,89953.0,110.0,0.0,1600.0,5.0,4.0,5.0,1114.0,0,0,1
8750.0,74.0,89800.0,72.0,0.0,1900.0,3.0,4.0,5.0,1115.0,0,1,0
8750.0,79.0,89739.0,86.0,0.0,1300.0,5.0,4.0,5.0,1035.0,0,0,1
8950.0,76.0,89520.0,110.0,0.0,1600.0,3.0,4.0,5.0,1050.0,0,0,1
7450.0,75.0,89507.0,86.0,0.0,1300.0,3.0,4.0,5.0,1015.0,0,0,1
9200.0,69.0,89096.0,110.0,0.0,1600.0,5.0,4.0,5.0,1085.0,0,0,1
8950.0,74.0,88700.0,110.0,0.0,1600.0,3.0,4.0,5.0,1050.0,0,0,1
7850.0,72.0,88500.0,110.0,0.0,1600.0,5.0,4.0,5.0,1075.0,0,0,1
6950.0,73.0,88186.0,72.0,0.0,1900.0,3.0,4.0,5.0,1115.0,0,1,0
7200.0,75.0,88000.0,110.0,0.0,1600.0,3.0,4.0,5.0,1050.0,0,0,1
7450.0,78.0,87743.0,110.0,0.0,1600.0,3.0,4.0,5.0,1055.0,0,0,1
6750.0,75.0,87613.0,86.0,0.0,1300.0,3.0,4.0,5.0,1015.0,0,0,1
7500.0,73.0,87358.0,110.0,0.0,1600.0,3.0,4.0,5.0,1050.0,0,0,1
7450.0,72.0,87083.0,110.0,0.0,1600.0,4.0,4.0,5.0,1035.0,0,0,1
7950.0,70.0,87000.0,110.0,0.0,1600.0,4.0,4.0,5.0,1035.0,0,0,1
7250.0,78.0,87000.0,110.0,0.0,1600.0,4.0,4.0,5.0,1035.0,0,0,1
7950.0,73.0,87000.0,86.0,0.0,1300.0,3.0,4.0,5.0,1015.0,0,0,1
8250.0,80.0,87000.0,86.0,0.0,1300.0,3.0,4.0,5.0,1015.0,0,0,1
8250.0,72.0,86860.0,110.0,0.0,1600.0,5.0,4.0,5.0,1075.0,0,0,1
6750.0,80.0,86109.0,110.0,0.0,1600.0,3.0,4.0,5.0,1055.0,0,0,1
8750.0,79.0,86000.0,86.0,0.0,1300.0,5.0,4.0,5.0,1040.0,0,0,1
8950.0,80.0,86000.0,110.0,0.0,1600.0,3.0,4.0,5.0,1050.0,0,0,1
8500.0,70.0,85864.0,72.0,0.0,1900.0,5.0,4.0,5.0,1135.0,0,1,0
8250.0,80.0,85565.0,110.0,0.0,1600.0,5.0,4.0,5.0,1070.0,0,0,1
9450.0,70.0,85470.0,107.0,0.0,1600.0,3.0,4.0,5.0,1080.0,0,0,1
7950.0,73.0,85200.0,110.0,0.0,1600.0,3.0,4.0,5.0,1050.0,0,0,1
7900.0,70.0,85000.0,110.0,0.0,1600.0,3.0,4.0,5.0,1055.0,0,0,1
8500.0,73.0,84988.0,110.0,0.0,1600.0,3.0,4.0,5.0,1050.0,0,0,1
8250.0,79.0,84966.0,110.0,0.0,1600.0,5.0,4.0,5.0,1070.0,0,0,1
8250.0,76.0,84472.0,110.0,0.0,1600.0,5.0,4.0,5.0,1070.0,0,0,1
8950.0,73.0,84402.0,110.0,0.0,1600.0,4.0,4.0,5.0,1035.0,0,0,1
7950.0,74.0,84123.0,110.0,0.0,1600.0,3.0,4.0,5.0,1050.0,0,0,1
6950.0,80.0,84000.0,110.0,0.0,1600.0,5.0,4.0,5.0,1075.0,0,0,1
7250.0,78.0,84000.0,110.0,0.0,1600.0,5.0,4.0,5.0,1065.0,0,0,1
7750.0,77.0,84000.0,110.0,0.0,1600.0,5.0,4.0,5.0,1085.0,0,0,1
8700.0,75.0,83850.0,110.0,0.0,1600.0,3.0,4.0,5.0,1055.0,0,0,1
8950.0,80.0,83540.0,110.0,0.0,1600.0,5.0,4.0,5.0,1070.0,0,0,1
6750.0,76.0,83405.0,110.0,0.0,1600.0,5.0,4.0,5.0,1070.0,0,0,1
7500.0,71.0,83291.0,110.0,0.0,1600.0,5.0,4.0,5.0,1070.0,0,0,1
7950.0,69.0,83133.0,86.0,0.0,1300.0,3.0,4.0,5.0,1015.0,0,0,1
8950.0,71.0,83047.0,86.0,0.0,1300.0,3.0,4.0,5.0,1045.0,0,0,1
7950.0,71.0,82700.0,110.0,0.0,1600.0,3.0,4.0,5.0,1050.0,0,0,1
7450.0,78.0,82675.0,86.0,0.0,1300.0,3.0,4.0,5.0,1015.0,0,0,1
5950.0,78.0,82595.0,86.0,0.0,1300.0,3.0,4.0,5.0,1015.0,0,0,1
7750.0,75.0,82256.0,110.0,0.0,1600.0,3.0,4.0,5.0,1050.0,0,0,1
6950.0,77.0,82103.0,86.0,0.0,1300.0,3.0,4.0,5.0,1015.0,0,0,1
8750.0,80.0,82021.0,86.0,0.0,1300.0,5.0,4.0,5.0,1035.0,0,0,1
8950.0,71.0,82000.0,110.0,0.0,1600.0,5.0,4.0,5.0,1075.0,0,0,1
7495.0,79.0,81988.0,110.0,0.0,1600.0,5.0,4.0,5.0,1070.0,0,0,1
7750.0,76.0,81930.0,110.0,0.0,1600.0,5.0,4.0,5.0,1070.0,0,0,1
6950.0,70.0,81663.0,110.0,0.0,1600.0,3.0,4.0,5.0,1050.0,0,0,1
7990.0,77.0,80486.0,110.0,0.0,1600.0,5.0,4.0,5.0,1070.0,0,0,1
7250.0,78.0,80000.0,110.0,0.0,1600.0,4.0,4.0,5.0,1065.0,0,0,1
6900.0,69.0,79000.0,86.0,0.0,1300.0,3.0,4.0,5.0,1015.0,0,0,1
7750.0,74.0,78894.0,110.0,0.0,1600.0,5.0,4.0,5.0,1070.0,0,0,1
7250.0,78.0,78689.0,110.0,0.0,1600.0,4.0,4.0,5.0,1035.0,0,0,1
8950.0,77.0,78435.0,86.0,0.0,1300.0,3.0,4.0,5.0,1015.0,0,0,1
8500.0,71.0,78260.0,110.0,0.0,1600.0,3.0,4.0,5.0,1050.0,0,0,1
7950.0,72.0,78120.0,110.0,0.0,1600.0,5.0,4.0,5.0,1075.0,0,0,1
6950.0,77.0,77000.0,86.0,0.0,1300.0,3.0,4.0,5.0,1015.0,0,0,1
8000.0,78.0,77000.0,110.0,0.0,1600.0,3.0,4.0,5.0,1050.0,0,0,1
7950.0,75.0,76382.0,110.0,0.0,1600.0,3.0,4.0,5.0,1055.0,0,0,1
8500.0,76.0,76268.0,86.0,0.0,1300.0,3.0,4.0,5.0,1015.0,0,0,1
7490.0,73.0,76151.0,86.0,0.0,1300.0,3.0,4.0,5.0,1015.0,0,0,1
8250.0,80.0,76000.0,110.0,0.0,1600.0,3.0,4.0,5.0,1050.0,0,0,1
9250.0,71.0,76000.0,110.0,0.0,1600.0,5.0,4.0,5.0,1070.0,0,0,1
7950.0,72.0,75840.0,86.0,0.0,1300.0,5.0,4.0,5.0,1035.0,0,0,1
9500.0,77.0,75799.0,110.0,0.0,1600.0,3.0,4.0,5.0,1050.0,0,0,1
8950.0,72.0,75525.0,110.0,0.0,1600.0,3.0,4.0,5.0,1114.0,0,0,1
8450.0,78.0,75323.0,86.0,0.0,1300.0,5.0,4.0,5.0,1050.0,0,0,1
7995.0,79.0,75322.0,110.0,0.0,1600.0,4.0,4.0,5.0,1115.0,0,0,1
8750.0,78.0,75226.0,110.0,0.0,1600.0,4.0,4.0,5.0,1035.0,0,0,1
5950.0,71.0,75085.0,86.0,0.0,1300.0,5.0,4.0,5.0,1035.0,0,0,1
8500.0,73.0,75000.0,110.0,0.0,1600.0,5.0,4.0,5.0,1075.0,0,0,1
8950.0,69.0,75000.0,86.0,0.0,1300.0,4.0,4.0,5.0,1000.0,0,0,1
8750.0,69.0,75000.0,86.0,0.0,1300.0,4.0,4.0,5.0,1000.0,0,0,1
7600.0,78.0,74926.0,110.0,0.0,1600.0,5.0,4.0,5.0,1075.0,0,0,1
7145.0,80.0,74785.0,110.0,0.0,1600.0,5.0,4.0,5.0,1070.0,0,0,1
8450.0,69.0,74573.0,110.0,0.0,1600.0,5.0,4.0,5.0,1085.0,0,0,1
5950.0,75.0,74567.0,86.0,0.0,1300.0,3.0,4.0,5.0,1015.0,0,0,1
9000.0,80.0,74196.0,110.0,0.0,1600.0,5.0,4.0,5.0,1075.0,0,0,1
7250.0,80.0,74151.0,110.0,0.0,1600.0,3.0,4.0,5.0,1050.0,0,0,1
7400.0,75.0,74096.0,110.0,0.0,1600.0,3.0,4.0,5.0,1050.0,0,0,1
8800.0,79.0,74093.0,110.0,0.0,1600.0,5.0,4.0,5.0,1075.0,0,0,1
7750.0,71.0,74000.0,110.0,0.0,1600.0,3.0,4.0,5.0,1050.0,0,0,1
7500.0,75.0,74000.0,86.0,0.0,1300.0,3.0,4.0,5.0,1015.0,0,0,1
8450.0,78.0,73638.0,86.0,0.0,1300.0,4.0,4.0,5.0,1015.0,0,0,1
7400.0,75.0,73460.0,110.0,0.0,1600.0,5.0,4.0,5.0,1070.0,0,0,1
7500.0,80.0,73200.0,110.0,0.0,1600.0,5.0,4.0,5.0,1070.0,0,0,1
8950.0,76.0,73116.0,110.0,0.0,1600.0,5.0,4.0,5.0,1075.0,0,0,1
8950.0,70.0,73014.0,110.0,0.0,1600.0,5.0,4.0,5.0,1075.0,0,0,1
7950.0,77.0,72703.0,110.0,0.0,1600.0,3.0,4.0,5.0,1050.0,0,0,1
7950.0,79.0,72328.0,110.0,0.0,1600.0,5.0,4.0,5.0,1075.0,0,0,1
7950.0,78.0,72222.0,110.0,0.0,1600.0,5.0,4.0,5.0,1070.0,0,0,1
8950.0,71.0,72128.0,107.0,0.0,1600.0,5.0,4.0,5.0,1100.0,0,0,1
7750.0,78.0,72090.0,110.0,0.0,1600.0,5.0,4.0,5.0,1070.0,0,0,1
8250.0,78.0,72000.0,110.0,0.0,1600.0,4.0,4.0,5.0,1035.0,0,0,1
7950.0,78.0,72000.0,110.0,0.0,1600.0,3.0,4.0,5.0,1055.0,0,0,1
7750.0,77.0,71900.0,86.0,0.0,1300.0,3.0,4.0,5.0,1015.0,0,0,1
8500.0,77.0,71825.0,110.0,0.0,1600.0,5.0,4.0,5.0,1075.0,0,0,1
6950.0,80.0,71740.0,110.0,0.0,1600.0,5.0,4.0,5.0,1070.0,0,0,1
7500.0,80.0,71500.0,110.0,0.0,1600.0,4.0,4.0,5.0,1035.0,0,0,1
7750.0,79.0,71359.0,110.0,0.0,1600.0,3.0,4.0,5.0,1050.0,0,0,1
5950.0,79.0,71263.0,86.0,0.0,1300.0,3.0,4.0,5.0,1015.0,0,0,1
7500.0,78.0,71186.0,110.0,0.0,1600.0,3.0,4.0,5.0,1050.0,0,0,1
8950.0,72.0,71054.0,86.0,0.0,1300.0,3.0,4.0,5.0,1045.0,0,0,1
7950.0,76.0,71000.0,110.0,0.0,1600.0,3.0,4.0,5.0,1050.0,0,0,1
6900.0,80.0,70939.0,110.0,0.0,1600.0,5.0,4.0,5.0,1100.0,0,0,1
7450.0,77.0,70932.0,110.0,0.0,1600.0,3.0,4.0,5.0,1050.0,0,0,1
8500.0,80.0,70597.0,107.0,0.0,1600.0,3.0,4.0,5.0,1080.0,0,0,1
7500.0,73.0,70482.0,110.0,0.0,1600.0,5.0,4.0,5.0,1075.0,0,0,1
8750.0,77.0,70124.0,110.0,0.0,1600.0,3.0,4.0,5.0,1050.0,0,0,1
7500.0,76.0,70039.0,110.0,0.0,1600.0,3.0,4.0,5.0,1050.0,0,0,1
9950.0,80.0,69904.0,110.0,0.0,1600.0,5.0,4.0,5.0,1070.0,0,0,1
7950.0,75.0,69388.0,86.0,0.0,1300.0,3.0,4.0,5.0,1010.0,0,0,1
9950.0,75.0,69320.0,110.0,0.0,1600.0,5.0,4.0,5.0,1070.0,0,0,1
9250.0,78.0,69000.0,110.0,0.0,1600.0,5.0,4.0,5.0,1075.0,0,0,1
9250.0,73.0,68988.0,86.0,0.0,1300.0,5.0,4.0,5.0,1035.0,0,0,1
9950.0,79.0,68945.0,110.0,0.0,1600.0,5.0,4.0,5.0,1085.0,0,0,1
5950.0,74.0,68285.0,110.0,0.0,1600.0,3.0,4.0,5.0,1050.0,0,0,1
7995.0,76.0,68000.0,110.0,0.0,1600.0,5.0,4.0,5.0,1075.0,0,0,1
8950.0,70.0,68000.0,86.0,0.0,1300.0,3.0,4.0,5.0,1045.0,0,0,1
7450.0,75.0,67451.0,86.0,0.0,1300.0,4.0,4.0,5.0,1000.0,0,0,1
8250.0,76.0,67266.0,86.0,0.0,1300.0,5.0,4.0,5.0,1035.0,0,0,1
8500.0,78.0,67255.0,110.0,0.0,1600.0,5.0,4.0,5.0,1085.0,0,0,1
8500.0,70.0,67100.0,110.0,0.0,1600.0,5.0,4.0,5.0,1075.0,0,0,1
9400.0,69.0,67092.0,72.0,0.0,1900.0,3.0,4.0,5.0,1115.0,0,1,0
7250.0,80.0,66880.0,110.0,0.0,1600.0,3.0,4.0,5.0,1055.0,0,0,1
8950.0,79.0,66855.0,110.0,0.0,1600.0,5.0,4.0,5.0,1075.0,0,0,1
9450.0,80.0,66843.0,110.0,0.0,1600.0,5.0,4.0,5.0,1075.0,0,0,1
8500.0,74.0,66718.0,110.0,0.0,1600.0,3.0,4.0,5.0,1050.0,0,0,1
6750.0,80.0,66168.0,86.0,0.0,1300.0,3.0,4.0,5.0,1015.0,0,0,1
7400.0,80.0,65950.0,110.0,0.0,1600.0,5.0,4.0,5.0,1070.0,0,0,1
8950.0,78.0,65500.0,86.0,0.0,1300.0,3.0,4.0,5.0,1015.0,0,0,1
6900.0,80.0,65307.0,110.0,0.0,1600.0,3.0,4.0,5.0,1055.0,0,0,1
7750.0,79.0,65254.0,86.0,0.0,1300.0,3.0,4.0,5.0,1015.0,0,0,1
8950.0,71.0,65021.0,72.0,0.0,1900.0,3.0,4.0,5.0,1115.0,0,1,0
6950.0,75.0,65006.0,86.0,0.0,1300.0,3.0,4.0,5.0,1015.0,0,0,1
8495.0,77.0,64280.0,110.0,0.0,1600.0,4.0,4.0,5.0,1035.0,0,0,1
10000.0,75.0,64000.0,107.0,0.0,1600.0,3.0,4.0,5.0,1085.0,0,0,1
6999.0,71.0,64000.0,110.0,0.0,1600.0,5.0,4.0,5.0,1070.0,0,0,1
8950.0,80.0,64000.0,110.0,0.0,1600.0,3.0,4.0,5.0,1055.0,0,0,1
8500.0,79.0,63918.0,110.0,0.0,1600.0,4.0,4.0,5.0,1035.0,0,0,1
8750.0,75.0,63634.0,110.0,0.0,1600.0,4.0,4.0,5.0,1035.0,0,0,1
7499.0,80.0,63500.0,110.0,0.0,1600.0,3.0,4.0,5.0,1050.0,0,0,1
9000.0,80.0,63266.0,110.0,0.0,1600.0,4.0,4.0,5.0,1035.0,0,0,1
8950.0,77.0,62595.0,110.0,0.0,1600.0,3.0,4.0,5.0,1050.0,0,0,1
6950.0,80.0,62581.0,110.0,0.0,1600.0,5.0,4.0,5.0,1075.0,0,0,1
8500.0,77.0,62285.0,110.0,0.0,1600.0,5.0,4.0,5.0,1075.0,0,0,1
8450.0,77.0,61906.0,86.0,0.0,1300.0,5.0,4.0,5.0,1065.0,0,0,1
8950.0,74.0,61700.0,110.0,0.0,1600.0,5.0,4.0,5.0,1070.0,0,0,1
8250.0,77.0,61648.0,110.0,0.0,1600.0,5.0,4.0,5.0,1070.0,0,0,1
7950.0,75.0,61626.0,86.0,0.0,1300.0,5.0,4.0,5.0,1035.0,0,0,1
7450.0,70.0,61510.0,110.0,0.0,1600.0,4.0,4.0,5.0,1035.0,0,0,1
9000.0,79.0,61165.0,107.0,0.0,1600.0,3.0,4.0,5.0,1080.0,0,0,1
7150.0,70.0,61000.0,110.0,0.0,1600.0,4.0,4.0,5.0,1035.0,0,0,1
7750.0,76.0,60833.0,110.0,0.0,1600.0,4.0,4.0,5.0,1035.0,0,0,1
5845.0,70.0,60600.0,86.0,0.0,1300.0,3.0,4.0,5.0,1060.0,0,0,1
8500.0,72.0,60483.0,110.0,0.0,1600.0,5.0,4.0,5.0,1075.0,0,0,1
8250.0,80.0,60476.0,110.0,0.0,1600.0,5.0,4.0,5.0,1114.0,0,0,1
9450.0,79.0,60142.0,110.0,0.0,1600.0,3.0,4.0,5.0,1050.0,0,0,1
6750.0,69.0,60050.0,110.0,0.0,1600.0,3.0,4.0,5.0,1050.0,0,0,1
8400.0,77.0,60000.0,110.0,0.0,1600.0,3.0,4.0,5.0,1050.0,0,0,1
7900.0,76.0,60000.0,110.0,0.0,1600.0,3.0,4.0,5.0,1050.0,0,0,1
7950.0,76.0,59815.0,110.0,0.0,1587.0,3.0,4.0,5.0,1055.0,0,0,1
8750.0,80.0,59326.0,110.0,0.0,1600.0,5.0,4.0,5.0,1085.0,0,0,1
9900.0,73.0,59240.0,110.0,0.0,1600.0,3.0,4.0,5.0,1050.0,0,0,1
6495.0,71.0,59164.0,110.0,0.0,1600.0,4.0,4.0,5.0,1035.0,0,0,1
8250.0,70.0,59017.0,107.0,0.0,1600.0,3.0,4.0,5.0,1080.0,0,0,1
6900.0,69.0,58952.0,110.0,0.0,1600.0,3.0,4.0,5.0,1050.0,0,0,1
7500.0,74.0,58454.0,86.0,0.0,1300.0,3.0,4.0,5.0,1015.0,0,0,1
7950.0,75.0,58341.0,86.0,0.0,1300.0,4.0,4.0,5.0,1030.0,0,0,1
8250.0,80.0,58267.0,110.0,0.0,1600.0,5.0,4.0,5.0,1070.0,0,0,1
8950.0,80.0,58000.0,110.0,0.0,1600.0,3.0,4.0,5.0,1055.0,0,0,1
9750.0,70.0,57829.0,110.0,0.0,1600.0,3.0,4.0,5.0,1050.0,0,0,1
8250.0,80.0,57787.0,86.0,0.0,1300.0,3.0,4.0,5.0,1015.0,0,0,1
8900.0,78.0,57628.0,110.0,0.0,1600.0,5.0,4.0,5.0,1075.0,0,0,1
8950.0,75.0,57537.0,86.0,0.0,1300.0,5.0,4.0,5.0,1050.0,0,0,1
6750.0,76.0,57263.0,110.0,0.0,1600.0,3.0,4.0,5.0,1050.0,0,0,1
7950.0,75.0,57144.0,110.0,0.0,1600.0,5.0,4.0,5.0,1070.0,0,0,1
8600.0,69.0,57096.0,86.0,0.0,1300.0,3.0,4.0,5.0,1025.0,0,0,1
7750.0,80.0,57000.0,86.0,0.0,1300.0,4.0,4.0,5.0,1000.0,0,0,1
7800.0,73.0,56566.0,110.0,0.0,1600.0,3.0,4.0,5.0,1050.0,0,0,1
8750.0,73.0,56307.0,110.0,0.0,1600.0,3.0,4.0,5.0,1050.0,0,0,1
9500.0,79.0,56214.0,86.0,0.0,1300.0,3.0,4.0,5.0,1015.0,0,0,1
7750.0,74.0,56132.0,110.0,0.0,1600.0,4.0,4.0,5.0,1035.0,0,0,1
9950.0,79.0,55425.0,110.0,0.0,1600.0,5.0,4.0,5.0,1075.0,0,0,1
7750.0,77.0,54439.0,86.0,0.0,1300.0,3.0,4.0,5.0,1015.0,0,0,1
5950.0,69.0,53809.0,110.0,0.0,1600.0,3.0,4.0,5.0,1050.0,0,0,1
10950.0,76.0,53133.0,110.0,0.0,1600.0,5.0,4.0,5.0,1070.0,0,0,1
9450.0,77.0,52900.0,110.0,0.0,1600.0,4.0,4.0,5.0,1075.0,0,0,1
8250.0,80.0,52700.0,110.0,0.0,1600.0,3.0,4.0,5.0,1050.0,0,0,1
9750.0,69.0,52320.0,110.0,0.0,1600.0,5.0,4.0,5.0,1070.0,0,0,1
7450.0,78.0,52287.0,110.0,0.0,1600.0,5.0,4.0,5.0,1114.0,0,0,1
8750.0,75.0,52000.0,110.0,0.0,1600.0,5.0,4.0,5.0,1075.0,0,0,1
8750.0,69.0,52000.0,110.0,0.0,1600.0,3.0,4.0,5.0,1050.0,0,0,1
8500.0,73.0,52000.0,110.0,0.0,1600.0,4.0,4.0,5.0,1065.0,0,0,1
8950.0,70.0,51874.0,86.0,0.0,1300.0,4.0,4.0,5.0,1000.0,0,0,1
7500.0,79.0,49827.0,86.0,0.0,1300.0,5.0,4.0,5.0,1035.0,0,0,1
7250.0,69.0,49640.0,110.0,0.0,1600.0,4.0,4.0,5.0,1035.0,0,0,1
7450.0,80.0,49580.0,110.0,0.0,1600.0,4.0,4.0,5.0,1035.0,0,0,1
8750.0,76.0,49170.0,86.0,0.0,1300.0,3.0,4.0,5.0,1045.0,0,0,1
9800.0,77.0,48838.0,110.0,0.0,1600.0,3.0,4.0,5.0,1055.0,0,0,1
7500.0,71.0,48576.0,86.0,0.0,1300.0,3.0,4.0,5.0,1015.0,0,0,1
8950.0,75.0,48400.0,110.0,0.0,1600.0,5.0,4.0,5.0,1075.0,0,0,1
8950.0,74.0,48242.0,86.0,0.0,1300.0,5.0,4.0,5.0,1035.0,0,0,1
7450.0,70.0,47955.0,110.0,0.0,1600.0,5.0,4.0,5.0,1070.0,0,0,1
8950.0,71.0,47633.0,110.0,0.0,1600.0,5.0,4.0,5.0,1075.0,0,0,1
10500.0,78.0,47400.0,86.0,0.0,1300.0,5.0,4.0,5.0,1040.0,0,0,1
7000.0,73.0,47360.0,86.0,0.0,1300.0,3.0,4.0,5.0,1010.0,0,0,1
8500.0,77.0,45507.0,110.0,0.0,1600.0,3.0,4.0,5.0,1050.0,0,0,1
7750.0,76.0,45410.0,86.0,0.0,1300.0,5.0,4.0,5.0,1035.0,0,0,1
8950.0,70.0,44850.0,110.0,0.0,1600.0,3.0,4.0,5.0,1050.0,0,0,1
8250.0,69.0,44826.0,110.0,0.0,1600.0,5.0,4.0,5.0,1075.0,0,0,1
9250.0,80.0,44444.0,110.0,0.0,1600.0,3.0,4.0,5.0,1050.0,0,0,1
7900.0,75.0,43720.0,110.0,0.0,1600.0,5.0,4.0,5.0,1070.0,0,0,1
8500.0,78.0,43622.0,86.0,0.0,1300.0,4.0,4.0,5.0,1000.0,0,0,1
7950.0,76.0,43532.0,110.0,0.0,1600.0,5.0,4.0,5.0,1070.0,0,0,1
9950.0,69.0,42800.0,110.0,0.0,1600.0,3.0,4.0,5.0,1050.0,0,0,1
8750.0,74.0,42317.0,107.0,0.0,1600.0,5.0,4.0,5.0,1100.0,0,0,1
7500.0,80.0,42186.0,110.0,0.0,1600.0,3.0,4.0,5.0,1050.0,0,0,1
6950.0,72.0,42000.0,110.0,0.0,1600.0,3.0,4.0,5.0,1050.0,0,0,1
8950.0,79.0,40093.0,110.0,0.0,1600.0,5.0,4.0,5.0,1114.0,0,0,1
8750.0,79.0,39800.0,107.0,0.0,1600.0,3.0,4.0,5.0,1080.0,0,0,1
7750.0,73.0,39168.0,86.0,0.0,1300.0,3.0,4.0,5.0,1015.0,0,0,1
8450.0,75.0,38945.0,110.0,0.0,1600.0,3.0,4.0,5.0,1050.0,0,0,1
8150.0,76.0,36537.0,110.0,0.0,1600.0,4.0,4.0,5.0,1075.0,0,0,1
8500.0,78.0,36000.0,86.0,0.0,1300.0,3.0,4.0,5.0,1045.0,0,0,1
7600.0,78.0,36000.0,110.0,0.0,1600.0,3.0,4.0,5.0,1050.0,0,0,1
7950.0,80.0,35821.0,86.0,0.0,1300.0,3.0,4.0,5.0,1015.0,0,0,1
7750.0,73.0,34717.0,86.0,0.0,1300.0,3.0,4.0,5.0,1015.0,0,0,1
7950.0,80.0,34000.0,86.0,0.0,1300.0,4.0,4.0,5.0,1000.0,0,0,1
9950.0,78.0,30964.0,110.0,0.0,1600.0,3.0,4.0,5.0,1080.0,0,0,1
8950.0,71.0,29000.0,86.0,0.0,1300.0,3.0,4.0,5.0,1045.0,0,0,1
8450.0,72.0,26000.0,86.0,0.0,1300.0,3.0,4.0,5.0,1015.0,0,0,1
8950.0,78.0,24000.0,86.0,0.0,1300.0,5.0,4.0,5.0,1065.0,0,0,1
8450.0,80.0,23000.0,86.0,0.0,1300.0,3.0,4.0,5.0,1015.0,0,0,1
7500.0,69.0,20544.0,86.0,0.0,1300.0,3.0,4.0,5.0,1025.0,0,0,1
10845.0,72.0,19000.0,86.0,0.0,1300.0,3.0,4.0,5.0,1015.0,0,0,1
8500.0,71.0,17016.0,86.0,0.0,1300.0,3.0,4.0,5.0,1015.0,0,0,1
7250.0,70.0,16916.0,86.0,0.0,1300.0,3.0,4.0,5.0,1015.0,0,0,1
6950.0,76.0,1.0,110.0,0.0,1600.0,5.0,4.0,5.0,1114.0,0,0,1
